ticker,filer,filing_datetime,impulse,doc_id
NEE,HON.,2024-01-11 00:00:00+00:00,0,20024277
SCHW,HON.,2024-01-11 00:00:00+00:00,0,20024277
ALB,HON.,2024-01-11 00:00:00+00:00,0,20024277
BLK,HON.,2024-02-16 00:00:00+00:00,0,20024458
AMP,HON.,2024-05-14 00:00:00+00:00,0,20025031
SBUX,HON.,2024-06-21 00:00:00+00:00,0,20025287
CTAS,HON.,2024-06-21 00:00:00+00:00,0,20025287
JNJ,HON.,2024-07-10 00:00:00+00:00,0,20025411
AZO,HON.,2024-08-08 00:00:00+00:00,0,20025601
JNJ,HON.,2024-08-08 00:00:00+00:00,0,20025601
DE,HON.,2024-09-20 00:00:00+00:00,0,20025875
SCHW,HON.,2024-10-18 00:00:00+00:00,0,20026031
STT,HON.,2024-08-21 00:00:00+00:00,0,20025708
STT,HON.,2024-11-21 00:00:00+00:00,0,20026246
YUM,HON.,2024-08-12 00:00:00+00:00,0,20025626
ALK,HON.,2024-01-04 00:00:00+00:00,0,20024254
DEO,HON.,2024-01-04 00:00:00+00:00,0,20024254
PHG,HON.,2024-03-02 00:00:00+00:00,0,20024580
QCOM,HON.,2024-03-02 00:00:00+00:00,0,20024580
AMZN,HON.,2024-03-02 00:00:00+00:00,0,20024580
GOOGL,HON.,2024-03-02 00:00:00+00:00,0,20024580
PFE,HON.,2024-03-02 00:00:00+00:00,0,20024580
UL,HON.,2024-03-02 00:00:00+00:00,0,20024580
NWN,HON.,2024-03-12 00:00:00+00:00,0,20024671
NKE,HON.,2024-05-04 00:00:00+00:00,0,20024984
SO,HON.,2024-05-04 00:00:00+00:00,0,20024984
CAT,HON.,2024-05-04 00:00:00+00:00,0,20024984
RTX,HON.,2024-05-04 00:00:00+00:00,0,20024984
BX,HON.,2024-05-04 00:00:00+00:00,0,20024984
DGX,HON.,2024-05-04 00:00:00+00:00,0,20024984
TEL,HON.,2024-05-04 00:00:00+00:00,0,20024984
MCK,HON.,2024-05-04 00:00:00+00:00,0,20024984
MGA,HON.,2024-05-04 00:00:00+00:00,0,20024984
KR,HON.,2024-05-04 00:00:00+00:00,0,20024984
ERJ,HON.,2024-05-04 00:00:00+00:00,0,20024984
NWN,HON.,2024-06-06 00:00:00+00:00,0,20025219
CVS,HON.,2024-07-06 00:00:00+00:00,0,20025403
BAX,HON.,2024-08-06 00:00:00+00:00,0,20025603
WBD,HON.,2024-08-06 00:00:00+00:00,0,20025603
MDT,HON.,2024-08-06 00:00:00+00:00,0,20025603
NWN,HON.,2024-09-06 00:00:00+00:00,0,20025787
VTR,HON.,2024-10-08 00:00:00+00:00,0,20025970
NWN,HON.,2024-12-07 00:00:00+00:00,0,20026347
UPS,HON.,2024-01-08 00:00:00+00:00,0,20024265
AMD,HON.,2024-01-22 00:00:00+00:00,0,20024330
RY,HON.,2024-01-22 00:00:00+00:00,0,20024330
BX,HON.,2024-01-22 00:00:00+00:00,0,20024330
ILMN,HON.,2024-01-22 00:00:00+00:00,0,20024330
AMGN,HON.,2024-01-22 00:00:00+00:00,0,20024330
PANW,HON.,2024-01-22 00:00:00+00:00,0,20024330
XOM,HON.,2024-01-22 00:00:00+00:00,0,20024330
VLO,HON.,2024-01-22 00:00:00+00:00,0,20024330
BX,HON.,2024-02-05 00:00:00+00:00,0,20024437
VLO,HON.,2024-02-05 00:00:00+00:00,0,20024437
PANW,HON.,2024-03-07 00:00:00+00:00,0,20024627
ILMN,HON.,2024-03-07 00:00:00+00:00,0,20024627
BBY,HON.,2024-03-07 00:00:00+00:00,0,20024627
WBA,HON.,2024-03-22 00:00:00+00:00,0,20024722
ILMN,HON.,2024-03-22 00:00:00+00:00,0,20024722
XOM,HON.,2024-04-10 00:00:00+00:00,0,20024838
ILMN,HON.,2024-04-10 00:00:00+00:00,0,20024838
IBM,HON.,2024-05-02 00:00:00+00:00,0,20024966
ABBV,HON.,2024-05-02 00:00:00+00:00,0,20024966
MRK,HON.,2024-05-02 00:00:00+00:00,0,20024966
ITIP,HON.,2024-05-02 00:00:00+00:00,0,20024966
UPS,HON.,2024-07-31 00:00:00+00:00,0,20025548
RY,HON.,2024-07-31 00:00:00+00:00,0,20025548
RY,HON.,2024-08-12 00:00:00+00:00,0,20025605
ILMN,HON.,2024-09-24 00:00:00+00:00,0,20025791
ILMN,HON.,2024-10-01 00:00:00+00:00,-1,20025942
ABCB,HON.,2024-07-24 00:00:00+00:00,0,20025499
AMEH,HON.,2024-01-21 00:00:00+00:00,0,20024347
NYCB,HON.,2024-04-04 00:00:00+00:00,0,20024795
DTRUY,HON.,2024-01-04 00:00:00+00:00,0,20024188
KD,HON.,2024-01-04 00:00:00+00:00,0,20024188
LDOS,HON.,2024-03-22 00:00:00+00:00,0,20024728
SAIC,HON.,2024-03-22 00:00:00+00:00,0,20024728
LDOS,HON.,2024-07-05 00:00:00+00:00,0,20025404
SAIC,HON.,2024-07-05 00:00:00+00:00,0,20025404
LDOS,HON.,2024-10-11 00:00:00+00:00,0,20026009
SAIC,HON.,2024-10-11 00:00:00+00:00,0,20026009
MSFT,HON.,2024-03-08 00:00:00+00:00,0,20024581
MSFT,HON.,2024-09-09 00:00:00+00:00,0,20025768
AAPL,HON.,2024-06-24 00:00:00+00:00,0,20025306
HD,HON.,2024-01-08 00:00:00+00:00,0,20024268
JNJ,HON.,2024-01-08 00:00:00+00:00,0,20024268
PPG,HON.,2024-01-08 00:00:00+00:00,0,20024268
IBM,HON.,2024-01-08 00:00:00+00:00,0,20024268
KO,HON.,2024-01-08 00:00:00+00:00,0,20024268
PG,HON.,2024-03-05 00:00:00+00:00,0,20024611
IBM,HON.,2024-04-09 00:00:00+00:00,0,20024839
HD,HON.,2024-04-09 00:00:00+00:00,0,20024839
JNJ,HON.,2024-04-09 00:00:00+00:00,0,20024839
PPG,HON.,2024-04-09 00:00:00+00:00,0,20024839
KO,HON.,2024-05-06 00:00:00+00:00,0,20024997
PG,HON.,2024-06-05 00:00:00+00:00,0,20025202
IBM,HON.,2024-07-03 00:00:00+00:00,0,20025397
HD,HON.,2024-07-03 00:00:00+00:00,0,20025397
JNJ,HON.,2024-07-03 00:00:00+00:00,0,20025397
PPG,HON.,2024-07-03 00:00:00+00:00,0,20025397
KO,HON.,2024-08-05 00:00:00+00:00,0,20025592
PG,HON.,2024-09-09 00:00:00+00:00,0,20025822
IBM,HON.,2024-10-10 00:00:00+00:00,0,20026002
HD,HON.,2024-10-10 00:00:00+00:00,0,20026002
JNJ,HON.,2024-10-10 00:00:00+00:00,0,20026002
PPG,HON.,2024-10-10 00:00:00+00:00,0,20026002
KO,HON.,2024-11-05 00:00:00+00:00,0,20026151
PG,HON.,2024-12-04 00:00:00+00:00,0,20026322
MCK,HON.,2024-11-07 00:00:00+00:00,0,20026099
NU,HON.,2024-11-07 00:00:00+00:00,0,20026099
APPF,HON.,2024-11-07 00:00:00+00:00,0,20026099
SNPS,HON.,2024-11-07 00:00:00+00:00,0,20026099
JD,HON.,2024-05-23 00:00:00+00:00,0,20000788
CL,HON.,2024-05-23 00:00:00+00:00,0,20000788
HASI,HON.,2024-01-17 00:00:00+00:00,0,20024324
MU,HON.,2024-01-17 00:00:00+00:00,0,20024324
NOW,HON.,2024-01-17 00:00:00+00:00,0,20024324
FLNG,HON.,2024-01-04 00:00:00+00:00,0,20024230
CRT,HON.,2024-01-04 00:00:00+00:00,0,20024230
CRT,HON.,2024-02-05 00:00:00+00:00,0,20024424
SCHX,HON.,2024-02-05 00:00:00+00:00,0,20024424
MO,HON.,2024-02-05 00:00:00+00:00,0,20024424
ET,HON.,2024-02-05 00:00:00+00:00,0,20024424
HTGC,HON.,2024-02-05 00:00:00+00:00,0,20024424
FLNG,HON.,2024-03-07 00:00:00+00:00,0,20024596
ASC,HON.,2024-03-07 00:00:00+00:00,0,20024596
ET,HON.,2024-03-07 00:00:00+00:00,0,20024596
ARLP,HON.,2024-03-07 00:00:00+00:00,0,20024596
HTGC,HON.,2024-03-07 00:00:00+00:00,0,20024596
ASC,HON.,2024-04-10 00:00:00+00:00,0,20024825
HTGC,HON.,2024-04-10 00:00:00+00:00,0,20024825
ET,HON.,2024-05-06 00:00:00+00:00,0,20024996
ASC,HON.,2024-05-06 00:00:00+00:00,0,20024996
HTGC,HON.,2024-05-06 00:00:00+00:00,0,20024996
ET,HON.,2024-06-06 00:00:00+00:00,0,20025200
ARLP,HON.,2024-06-06 00:00:00+00:00,0,20025200
HTGC,HON.,2024-06-06 00:00:00+00:00,0,20025200
ASC,HON.,2024-08-06 00:00:00+00:00,0,20025588
ET,HON.,2024-09-04 00:00:00+00:00,0,20025771
ARLP,HON.,2024-09-04 00:00:00+00:00,0,20025771
HTGC,HON.,2024-09-04 00:00:00+00:00,0,20025771
EFC,HON.,2024-10-21 00:00:00+00:00,0,20026032
HTGC,HON.,2024-11-12 00:00:00+00:00,0,20026124
ET,HON.,2024-12-11 00:00:00+00:00,0,20026376
ARLP,HON.,2024-12-11 00:00:00+00:00,0,20026376
HTGC,HON.,2024-12-11 00:00:00+00:00,0,20026376
JCI,HON.,2024-05-14 00:00:00+00:00,0,20025035
BRP,HON.,2024-04-23 00:00:00+00:00,0,20024916
BRP,HON.,2024-06-02 00:00:00+00:00,0,20025170
JNJ,HON.,2024-08-20 00:00:00+00:00,-1,20025711
NEE,HON.,2024-08-20 00:00:00+00:00,-1,20025711
PEP,HON.,2024-08-20 00:00:00+00:00,-1,20025711
BRKB,HON.,2024-08-20 00:00:00+00:00,-1,20025711
DGRO,HON.,2024-08-20 00:00:00+00:00,-1,20025711
MCD,HON.,2024-08-20 00:00:00+00:00,-1,20025711
APD,HON.,2024-08-20 00:00:00+00:00,-1,20025711
IJR,HON.,2024-08-20 00:00:00+00:00,-1,20025711
ACN,HON.,2024-08-20 00:00:00+00:00,-1,20025711
WMT,HON.,2024-08-20 00:00:00+00:00,-1,20025711
FQAL,HON.,2024-08-20 00:00:00+00:00,-1,20025711
LSYIX,HON.,2024-08-20 00:00:00+00:00,-1,20025711
FBKWX,HON.,2024-08-20 00:00:00+00:00,-1,20025711
COST,HON.,2024-08-20 00:00:00+00:00,-1,20025711
MSFT,HON.,2024-08-20 00:00:00+00:00,-1,20025711
JPM,HON.,2024-08-20 00:00:00+00:00,-1,20025711
GD,HON.,2024-08-20 00:00:00+00:00,-1,20025711
CSCO,HON.,2024-08-20 00:00:00+00:00,-1,20025711
FFRHX,HON.,2024-08-20 00:00:00+00:00,-1,20025711
LMT,HON.,2024-08-20 00:00:00+00:00,-1,20025711
SBUX,HON.,2024-08-20 00:00:00+00:00,-1,20025711
QQQM,HON.,2024-08-20 00:00:00+00:00,-1,20025711
ONEQ,HON.,2024-08-20 00:00:00+00:00,-1,20025711
HSY,HON.,2024-08-20 00:00:00+00:00,-1,20025711
UPS,HON.,2024-08-20 00:00:00+00:00,-1,20025711
AMGN,HON.,2024-08-20 00:00:00+00:00,-1,20025711
KVUE,HON.,2024-08-20 00:00:00+00:00,-1,20025711
AAPL,HON.,2024-08-20 00:00:00+00:00,-1,20025711
LUBYX,HON.,2024-08-20 00:00:00+00:00,-1,20025711
MRK,HON.,2024-08-20 00:00:00+00:00,-1,20025711
PG,HON.,2024-08-20 00:00:00+00:00,-1,20025711
QQQ,HON.,2024-08-20 00:00:00+00:00,-1,20025711
PFE,HON.,2024-08-20 00:00:00+00:00,-1,20025711
CB,HON.,2024-08-20 00:00:00+00:00,-1,20025711
DFS,HON.,2024-08-20 00:00:00+00:00,-1,20025711
GOOG,HON.,2024-08-20 00:00:00+00:00,-1,20025711
ADP,HON.,2024-10-15 00:00:00+00:00,0,20026020
ITW,HON.,2024-10-15 00:00:00+00:00,0,20026020
MRO,HON.,2024-09-06 00:00:00+00:00,0,20025806
SOHO,HON.,2024-09-06 00:00:00+00:00,0,20025806
WAL,HON.,2024-12-12 00:00:00+00:00,0,20026382
AMD,HON.,2024-01-07 00:00:00+00:00,-1,20024248
DHI,HON.,2024-01-07 00:00:00+00:00,-1,20024248
PNGAY,HON.,2024-01-07 00:00:00+00:00,-1,20024248
PYCR,HON.,2024-01-07 00:00:00+00:00,-1,20024248
PPRUY,HON.,2024-01-07 00:00:00+00:00,-1,20024248
COP,HON.,2024-01-07 00:00:00+00:00,-1,20024248
UMBF,HON.,2024-01-07 00:00:00+00:00,-1,20024248
ON,HON.,2024-01-07 00:00:00+00:00,-1,20024248
SHLS,HON.,2024-01-07 00:00:00+00:00,-1,20024248
BNTX,HON.,2024-01-07 00:00:00+00:00,-1,20024248
COCO,HON.,2024-01-07 00:00:00+00:00,-1,20024248
ALGM,HON.,2024-01-07 00:00:00+00:00,-1,20024248
ORCL,HON.,2024-01-07 00:00:00+00:00,-1,20024248
CELH,HON.,2024-01-07 00:00:00+00:00,-1,20024248
LZAGY,HON.,2024-01-07 00:00:00+00:00,-1,20024248
CRM,HON.,2024-01-07 00:00:00+00:00,-1,20024248
PTEN,HON.,2024-01-07 00:00:00+00:00,-1,20024248
HELE,HON.,2024-01-07 00:00:00+00:00,-1,20024248
SBGSY,HON.,2024-01-07 00:00:00+00:00,-1,20024248
HSHCY,HON.,2024-01-07 00:00:00+00:00,-1,20024248
SONY,HON.,2024-01-07 00:00:00+00:00,-1,20024248
MNST,HON.,2024-01-07 00:00:00+00:00,-1,20024248
GTLS,HON.,2024-01-07 00:00:00+00:00,-1,20024248
LOW,HON.,2024-01-07 00:00:00+00:00,-1,20024248
BAP,HON.,2024-01-07 00:00:00+00:00,-1,20024248
DBSDY,HON.,2024-01-07 00:00:00+00:00,-1,20024248
ALNY,HON.,2024-01-07 00:00:00+00:00,-1,20024248
TPH,HON.,2024-01-07 00:00:00+00:00,-1,20024248
NOC,HON.,2024-01-07 00:00:00+00:00,-1,20024248
LOPE,HON.,2024-01-07 00:00:00+00:00,-1,20024248
EW,HON.,2024-01-07 00:00:00+00:00,-1,20024248
OCFC,HON.,2024-01-07 00:00:00+00:00,-1,20024248
HLI,HON.,2024-01-07 00:00:00+00:00,-1,20024248
MA,HON.,2024-01-07 00:00:00+00:00,-1,20024248
FANUY,HON.,2024-01-07 00:00:00+00:00,-1,20024248
INTA,HON.,2024-01-07 00:00:00+00:00,-1,20024248
SSDOY,HON.,2024-01-07 00:00:00+00:00,-1,20024248
XNGSY,HON.,2024-01-07 00:00:00+00:00,-1,20024248
GOOG,HON.,2024-01-07 00:00:00+00:00,-1,20024248
AMD,HON.,2024-02-15 00:00:00+00:00,0,20024461
PNGAY,HON.,2024-02-15 00:00:00+00:00,0,20024461
PYCR,HON.,2024-02-15 00:00:00+00:00,0,20024461
ON,HON.,2024-02-15 00:00:00+00:00,0,20024461
SCHW,HON.,2024-02-15 00:00:00+00:00,0,20024461
SHLS,HON.,2024-02-15 00:00:00+00:00,0,20024461
LRCX,HON.,2024-02-15 00:00:00+00:00,0,20024461
APD,HON.,2024-02-15 00:00:00+00:00,0,20024461
ALGM,HON.,2024-02-15 00:00:00+00:00,0,20024461
TSM,HON.,2024-02-15 00:00:00+00:00,0,20024461
TSLA,HON.,2024-02-15 00:00:00+00:00,0,20024461
PTEN,HON.,2024-02-15 00:00:00+00:00,0,20024461
HELE,HON.,2024-02-15 00:00:00+00:00,0,20024461
AGIO,HON.,2024-02-15 00:00:00+00:00,0,20024461
MSFT,HON.,2024-02-15 00:00:00+00:00,0,20024461
ISRG,HON.,2024-02-15 00:00:00+00:00,0,20024461
HSHCY,HON.,2024-02-15 00:00:00+00:00,0,20024461
LAD,HON.,2024-02-15 00:00:00+00:00,0,20024461
GTLS,HON.,2024-02-15 00:00:00+00:00,0,20024461
LOW,HON.,2024-02-15 00:00:00+00:00,0,20024461
NCLTY,HON.,2024-02-15 00:00:00+00:00,0,20024461
BAP,HON.,2024-02-15 00:00:00+00:00,0,20024461
NOW,HON.,2024-02-15 00:00:00+00:00,0,20024461
ALNY,HON.,2024-02-15 00:00:00+00:00,0,20024461
ABG,HON.,2024-02-15 00:00:00+00:00,0,20024461
APH,HON.,2024-02-15 00:00:00+00:00,0,20024461
TPH,HON.,2024-02-15 00:00:00+00:00,0,20024461
AAPL,HON.,2024-02-15 00:00:00+00:00,0,20024461
LOPE,HON.,2024-02-15 00:00:00+00:00,0,20024461
OCFC,HON.,2024-02-15 00:00:00+00:00,0,20024461
SPXC,HON.,2024-02-15 00:00:00+00:00,0,20024461
CHRD,HON.,2024-02-15 00:00:00+00:00,0,20024461
SSDOY,HON.,2024-02-15 00:00:00+00:00,0,20024461
XNGSY,HON.,2024-02-15 00:00:00+00:00,0,20024461
MEDP,HON.,2024-02-15 00:00:00+00:00,0,20024461
META,HON.,2024-03-07 00:00:00+00:00,0,20024612
AMD,HON.,2024-03-07 00:00:00+00:00,0,20024612
BKNG,HON.,2024-03-07 00:00:00+00:00,0,20024612
TTD,HON.,2024-03-07 00:00:00+00:00,0,20024612
CTSH,HON.,2024-03-07 00:00:00+00:00,0,20024612
NVDA,HON.,2024-03-07 00:00:00+00:00,0,20024612
MRNA,HON.,2024-03-07 00:00:00+00:00,0,20024612
SCHW,HON.,2024-03-07 00:00:00+00:00,0,20024612
LRLCY,HON.,2024-03-07 00:00:00+00:00,0,20024612
REGN,HON.,2024-03-07 00:00:00+00:00,0,20024612
MSCI,HON.,2024-03-07 00:00:00+00:00,0,20024612
NFLX,HON.,2024-03-07 00:00:00+00:00,0,20024612
TSM,HON.,2024-03-07 00:00:00+00:00,0,20024612
DE,HON.,2024-03-07 00:00:00+00:00,0,20024612
MSFT,HON.,2024-03-07 00:00:00+00:00,0,20024612
TEX,HON.,2024-03-07 00:00:00+00:00,0,20024612
DBSDY,HON.,2024-03-07 00:00:00+00:00,0,20024612
KKR,HON.,2024-03-07 00:00:00+00:00,0,20024612
FCX,HON.,2024-03-07 00:00:00+00:00,0,20024612
MS,HON.,2024-03-07 00:00:00+00:00,0,20024612
LNG,HON.,2024-03-07 00:00:00+00:00,0,20024612
LLY,HON.,2024-03-07 00:00:00+00:00,0,20024612
MDB,HON.,2024-03-07 00:00:00+00:00,0,20024612
FSLR,HON.,2024-03-07 00:00:00+00:00,0,20024612
EXAS,HON.,2024-03-07 00:00:00+00:00,0,20024612
CHRD,HON.,2024-03-07 00:00:00+00:00,0,20024612
PANW,HON.,2024-03-07 00:00:00+00:00,0,20024612
AMD,HON.,2024-04-07 00:00:00+00:00,-1,20024801
DHI,HON.,2024-04-07 00:00:00+00:00,-1,20024801
TDG,HON.,2024-04-07 00:00:00+00:00,-1,20024801
SQ,HON.,2024-04-07 00:00:00+00:00,-1,20024801
CBZ,HON.,2024-04-07 00:00:00+00:00,-1,20024801
ADBE,HON.,2024-04-07 00:00:00+00:00,-1,20024801
ADC,HON.,2024-04-07 00:00:00+00:00,-1,20024801
SHLS,HON.,2024-04-07 00:00:00+00:00,-1,20024801
BNTX,HON.,2024-04-07 00:00:00+00:00,-1,20024801
MAR,HON.,2024-04-07 00:00:00+00:00,-1,20024801
TSM,HON.,2024-04-07 00:00:00+00:00,-1,20024801
CRM,HON.,2024-04-07 00:00:00+00:00,-1,20024801
MELI,HON.,2024-04-07 00:00:00+00:00,-1,20024801
FOXF,HON.,2024-04-07 00:00:00+00:00,-1,20024801
PWP,HON.,2024-04-07 00:00:00+00:00,-1,20024801
HSHCY,HON.,2024-04-07 00:00:00+00:00,-1,20024801
XNGSY,HON.,2024-04-07 00:00:00+00:00,-1,20024801
SNPS,HON.,2024-04-07 00:00:00+00:00,-1,20024801
AAPL,HON.,2024-04-07 00:00:00+00:00,-1,20024801
ETN,HON.,2024-04-07 00:00:00+00:00,-1,20024801
DASTY,HON.,2024-04-07 00:00:00+00:00,-1,20024801
OCFC,HON.,2024-04-07 00:00:00+00:00,-1,20024801
HCA,HON.,2024-04-07 00:00:00+00:00,-1,20024801
INTA,HON.,2024-04-07 00:00:00+00:00,-1,20024801
BHP,HON.,2024-04-07 00:00:00+00:00,-1,20024801
SSDOY,HON.,2024-04-07 00:00:00+00:00,-1,20024801
DAVA,HON.,2024-04-07 00:00:00+00:00,-1,20024801
TSLA,HON.,2024-04-07 00:00:00+00:00,-1,20024801
NSRGY,HON.,2024-05-15 00:00:00+00:00,0,20025020
SHOP,HON.,2024-05-15 00:00:00+00:00,0,20025020
CTSH,HON.,2024-05-15 00:00:00+00:00,0,20025020
VRT,HON.,2024-05-15 00:00:00+00:00,0,20025020
HLMN,HON.,2024-05-15 00:00:00+00:00,0,20025020
ADBE,HON.,2024-05-15 00:00:00+00:00,0,20025020
ADC,HON.,2024-05-15 00:00:00+00:00,0,20025020
SHLS,HON.,2024-05-15 00:00:00+00:00,0,20025020
BNTX,HON.,2024-05-15 00:00:00+00:00,0,20025020
FICO,HON.,2024-05-15 00:00:00+00:00,0,20025020
IART,HON.,2024-05-15 00:00:00+00:00,0,20025020
FOXF,HON.,2024-05-15 00:00:00+00:00,0,20025020
TCEHY,HON.,2024-05-15 00:00:00+00:00,0,20025020
TEX,HON.,2024-05-15 00:00:00+00:00,0,20025020
ZTO,HON.,2024-05-15 00:00:00+00:00,0,20025020
WDAY,HON.,2024-05-15 00:00:00+00:00,0,20025020
FNA,HON.,2024-05-15 00:00:00+00:00,0,20025020
FCX,HON.,2024-05-15 00:00:00+00:00,0,20025020
CHGCY,HON.,2024-05-15 00:00:00+00:00,0,20025020
FAST,HON.,2024-05-15 00:00:00+00:00,0,20025020
OCFC,HON.,2024-05-15 00:00:00+00:00,0,20025020
UBER,HON.,2024-05-15 00:00:00+00:00,0,20025020
INTA,HON.,2024-05-15 00:00:00+00:00,0,20025020
DAVA,HON.,2024-05-15 00:00:00+00:00,0,20025020
TSLA,HON.,2024-05-15 00:00:00+00:00,0,20025020
GOOG,HON.,2024-05-15 00:00:00+00:00,0,20025020
META,HON.,2024-06-08 00:00:00+00:00,-1,20025207
BKNG,HON.,2024-06-08 00:00:00+00:00,-1,20025207
UMBF,HON.,2024-06-08 00:00:00+00:00,-1,20025207
RPD,HON.,2024-06-08 00:00:00+00:00,-1,20025207
NTDOY,HON.,2024-06-08 00:00:00+00:00,-1,20025207
BWIN,HON.,2024-06-08 00:00:00+00:00,-1,20025207
HLN,HON.,2024-06-08 00:00:00+00:00,-1,20025207
CRM,HON.,2024-06-08 00:00:00+00:00,-1,20025207
TXRH,HON.,2024-06-08 00:00:00+00:00,-1,20025207
MELI,HON.,2024-06-08 00:00:00+00:00,-1,20025207
MSFT,HON.,2024-06-08 00:00:00+00:00,-1,20025207
SSMXY,HON.,2024-06-08 00:00:00+00:00,-1,20025207
MNST,HON.,2024-06-08 00:00:00+00:00,-1,20025207
SWTX,HON.,2024-06-08 00:00:00+00:00,-1,20025207
AMSF,HON.,2024-06-08 00:00:00+00:00,-1,20025207
LOW,HON.,2024-06-08 00:00:00+00:00,-1,20025207
BX,HON.,2024-06-08 00:00:00+00:00,-1,20025207
KKR,HON.,2024-06-08 00:00:00+00:00,-1,20025207
CLPBY,HON.,2024-06-08 00:00:00+00:00,-1,20025207
LOPE,HON.,2024-06-08 00:00:00+00:00,-1,20025207
ALGN,HON.,2024-06-08 00:00:00+00:00,-1,20025207
UBER,HON.,2024-06-08 00:00:00+00:00,-1,20025207
INSM,HON.,2024-06-08 00:00:00+00:00,-1,20025207
EXAS,HON.,2024-06-08 00:00:00+00:00,-1,20025207
INTA,HON.,2024-06-08 00:00:00+00:00,-1,20025207
ALG,HON.,2024-06-08 00:00:00+00:00,-1,20025207
TSLA,HON.,2024-06-08 00:00:00+00:00,-1,20025207
GOOG,HON.,2024-06-08 00:00:00+00:00,-1,20025207
SAP,HON.,2024-07-09 00:00:00+00:00,-1,20025419
NVDA,HON.,2024-07-09 00:00:00+00:00,-1,20025419
TLK,HON.,2024-07-09 00:00:00+00:00,-1,20025419
CCI,HON.,2024-07-09 00:00:00+00:00,-1,20025419
MFC,HON.,2024-07-09 00:00:00+00:00,-1,20025419
APPF,HON.,2024-07-09 00:00:00+00:00,-1,20025419
HDB,HON.,2024-07-09 00:00:00+00:00,-1,20025419
MSFT,HON.,2024-07-09 00:00:00+00:00,-1,20025419
SBGSY,HON.,2024-07-09 00:00:00+00:00,-1,20025419
LOW,HON.,2024-07-09 00:00:00+00:00,-1,20025419
ALFVY,HON.,2024-07-09 00:00:00+00:00,-1,20025419
DBSDY,HON.,2024-07-09 00:00:00+00:00,-1,20025419
FCX,HON.,2024-07-09 00:00:00+00:00,-1,20025419
PAYX,HON.,2024-07-09 00:00:00+00:00,-1,20025419
UPS,HON.,2024-07-09 00:00:00+00:00,-1,20025419
ATLKY,HON.,2024-07-09 00:00:00+00:00,-1,20025419
ABNB,HON.,2024-07-09 00:00:00+00:00,-1,20025419
TXN,HON.,2024-07-09 00:00:00+00:00,-1,20025419
MEDP,HON.,2024-07-09 00:00:00+00:00,-1,20025419
IFNNY,HON.,2024-07-09 00:00:00+00:00,-1,20025419
DHI,HON.,2024-07-09 00:00:00+00:00,-1,20025419
JNJ,HON.,2024-07-09 00:00:00+00:00,-1,20025419
SGIOY,HON.,2024-07-09 00:00:00+00:00,-1,20025419
XP,HON.,2024-07-09 00:00:00+00:00,-1,20025419
SHLS,HON.,2024-07-09 00:00:00+00:00,-1,20025419
MAR,HON.,2024-07-09 00:00:00+00:00,-1,20025419
FMX,HON.,2024-07-09 00:00:00+00:00,-1,20025419
IBN,HON.,2024-07-09 00:00:00+00:00,-1,20025419
SYIEY,HON.,2024-07-09 00:00:00+00:00,-1,20025419
MTX,HON.,2024-07-09 00:00:00+00:00,-1,20025419
DE,HON.,2024-07-09 00:00:00+00:00,-1,20025419
CRM,HON.,2024-07-09 00:00:00+00:00,-1,20025419
BBVA,HON.,2024-07-09 00:00:00+00:00,-1,20025419
ATRC,HON.,2024-07-09 00:00:00+00:00,-1,20025419
HSHCY,HON.,2024-07-09 00:00:00+00:00,-1,20025419
GBOOY,HON.,2024-07-09 00:00:00+00:00,-1,20025419
AAGIY,HON.,2024-07-09 00:00:00+00:00,-1,20025419
PPBI,HON.,2024-07-09 00:00:00+00:00,-1,20025419
ASAZY,HON.,2024-07-09 00:00:00+00:00,-1,20025419
CVX,HON.,2024-07-09 00:00:00+00:00,-1,20025419
NOC,HON.,2024-07-09 00:00:00+00:00,-1,20025419
AAPL,HON.,2024-07-09 00:00:00+00:00,-1,20025419
PRIM,HON.,2024-07-09 00:00:00+00:00,-1,20025419
ALIZY,HON.,2024-07-09 00:00:00+00:00,-1,20025419
GMAB,HON.,2024-07-09 00:00:00+00:00,-1,20025419
RHHBY,HON.,2024-07-09 00:00:00+00:00,-1,20025419
BHP,HON.,2024-07-09 00:00:00+00:00,-1,20025419
SF,HON.,2024-07-09 00:00:00+00:00,-1,20025419
ABEV,HON.,2024-07-09 00:00:00+00:00,-1,20025419
MELI,HON.,2024-07-09 00:00:00+00:00,-1,20025419
VIAV,HON.,2024-07-09 00:00:00+00:00,-1,20025419
AMD,HON.,2024-07-09 00:00:00+00:00,-1,20025419
NSRGY,HON.,2024-07-09 00:00:00+00:00,-1,20025419
DEO,HON.,2024-07-09 00:00:00+00:00,-1,20025419
PYCR,HON.,2024-07-09 00:00:00+00:00,-1,20025419
SONVY,HON.,2024-07-09 00:00:00+00:00,-1,20025419
ADBE,HON.,2024-07-09 00:00:00+00:00,-1,20025419
SCHW,HON.,2024-07-09 00:00:00+00:00,-1,20025419
APD,HON.,2024-07-09 00:00:00+00:00,-1,20025419
MTDR,HON.,2024-07-09 00:00:00+00:00,-1,20025419
TSM,HON.,2024-07-09 00:00:00+00:00,-1,20025419
FIS,HON.,2024-07-09 00:00:00+00:00,-1,20025419
HLN,HON.,2024-07-09 00:00:00+00:00,-1,20025419
STRL,HON.,2024-07-09 00:00:00+00:00,-1,20025419
TXRH,HON.,2024-07-09 00:00:00+00:00,-1,20025419
BOOT,HON.,2024-07-09 00:00:00+00:00,-1,20025419
IART,HON.,2024-07-09 00:00:00+00:00,-1,20025419
SONY,HON.,2024-07-09 00:00:00+00:00,-1,20025419
SWTX,HON.,2024-07-09 00:00:00+00:00,-1,20025419
MTSI,HON.,2024-07-09 00:00:00+00:00,-1,20025419
CENTA,HON.,2024-07-09 00:00:00+00:00,-1,20025419
UFPI,HON.,2024-07-09 00:00:00+00:00,-1,20025419
SHEL,HON.,2024-07-09 00:00:00+00:00,-1,20025419
CSCO,HON.,2024-07-09 00:00:00+00:00,-1,20025419
SBUX,HON.,2024-07-09 00:00:00+00:00,-1,20025419
CHGCY,HON.,2024-07-09 00:00:00+00:00,-1,20025419
FAST,HON.,2024-07-09 00:00:00+00:00,-1,20025419
DASTY,HON.,2024-07-09 00:00:00+00:00,-1,20025419
NSC,HON.,2024-07-09 00:00:00+00:00,-1,20025419
MRK,HON.,2024-07-09 00:00:00+00:00,-1,20025419
INSM,HON.,2024-07-09 00:00:00+00:00,-1,20025419
CINF,HON.,2024-07-09 00:00:00+00:00,-1,20025419
DAVA,HON.,2024-07-09 00:00:00+00:00,-1,20025419
SKY,HON.,2024-07-09 00:00:00+00:00,-1,20025419
LIN,HON.,2024-07-09 00:00:00+00:00,-1,20025419
AEIS,HON.,2024-07-09 00:00:00+00:00,-1,20025419
EPOKY,HON.,2024-07-09 00:00:00+00:00,-1,20025419
ALC,HON.,2024-07-09 00:00:00+00:00,-1,20025419
SQ,HON.,2024-07-09 00:00:00+00:00,-1,20025419
AVGO,HON.,2024-07-09 00:00:00+00:00,-1,20025419
RHP,HON.,2024-07-09 00:00:00+00:00,-1,20025419
TEL,HON.,2024-07-09 00:00:00+00:00,-1,20025419
LRLCY,HON.,2024-07-09 00:00:00+00:00,-1,20025419
NTDOY,HON.,2024-07-09 00:00:00+00:00,-1,20025419
ALGT,HON.,2024-07-09 00:00:00+00:00,-1,20025419
FLYW,HON.,2024-07-09 00:00:00+00:00,-1,20025419
RIO,HON.,2024-07-09 00:00:00+00:00,-1,20025419
ISRG,HON.,2024-07-09 00:00:00+00:00,-1,20025419
VZ,HON.,2024-07-09 00:00:00+00:00,-1,20025419
TCEHY,HON.,2024-07-09 00:00:00+00:00,-1,20025419
ITT,HON.,2024-07-09 00:00:00+00:00,-1,20025419
BLK,HON.,2024-07-09 00:00:00+00:00,-1,20025419
AIQUY,HON.,2024-07-09 00:00:00+00:00,-1,20025419
SPXC,HON.,2024-07-09 00:00:00+00:00,-1,20025419
PGR,HON.,2024-07-09 00:00:00+00:00,-1,20025419
ITCI,HON.,2024-07-09 00:00:00+00:00,-1,20025419
HQY,HON.,2024-07-09 00:00:00+00:00,-1,20025419
DSGX,HON.,2024-07-09 00:00:00+00:00,-1,20025419
XNGSY,HON.,2024-07-09 00:00:00+00:00,-1,20025419
META,HON.,2024-08-15 00:00:00+00:00,-1,20025678
VIAV,HON.,2024-08-15 00:00:00+00:00,-1,20025678
AMD,HON.,2024-08-15 00:00:00+00:00,-1,20025678
SNDR,HON.,2024-08-15 00:00:00+00:00,-1,20025678
DHI,HON.,2024-08-15 00:00:00+00:00,-1,20025678
SGIOY,HON.,2024-08-15 00:00:00+00:00,-1,20025678
ABT,HON.,2024-08-15 00:00:00+00:00,-1,20025678
SQ,HON.,2024-08-15 00:00:00+00:00,-1,20025678
TLK,HON.,2024-08-15 00:00:00+00:00,-1,20025678
TT,HON.,2024-08-15 00:00:00+00:00,-1,20025678
MMM,HON.,2024-08-15 00:00:00+00:00,-1,20025678
MCD,HON.,2024-08-15 00:00:00+00:00,-1,20025678
SHLS,HON.,2024-08-15 00:00:00+00:00,-1,20025678
MAR,HON.,2024-08-15 00:00:00+00:00,-1,20025678
REGN,HON.,2024-08-15 00:00:00+00:00,-1,20025678
AZO,HON.,2024-08-15 00:00:00+00:00,-1,20025678
FLYW,HON.,2024-08-15 00:00:00+00:00,-1,20025678
NFLX,HON.,2024-08-15 00:00:00+00:00,-1,20025678
TSM,HON.,2024-08-15 00:00:00+00:00,-1,20025678
TSLA,HON.,2024-08-15 00:00:00+00:00,-1,20025678
CRM,HON.,2024-08-15 00:00:00+00:00,-1,20025678
INTU,HON.,2024-08-15 00:00:00+00:00,-1,20025678
HELE,HON.,2024-08-15 00:00:00+00:00,-1,20025678
ATRC,HON.,2024-08-15 00:00:00+00:00,-1,20025678
ISRG,HON.,2024-08-15 00:00:00+00:00,-1,20025678
SONY,HON.,2024-08-15 00:00:00+00:00,-1,20025678
SWTX,HON.,2024-08-15 00:00:00+00:00,-1,20025678
SHEL,HON.,2024-08-15 00:00:00+00:00,-1,20025678
ANET,HON.,2024-08-15 00:00:00+00:00,-1,20025678
DBSDY,HON.,2024-08-15 00:00:00+00:00,-1,20025678
FNA,HON.,2024-08-15 00:00:00+00:00,-1,20025678
PPBI,HON.,2024-08-15 00:00:00+00:00,-1,20025678
FCX,HON.,2024-08-15 00:00:00+00:00,-1,20025678
APH,HON.,2024-08-15 00:00:00+00:00,-1,20025678
MCK,HON.,2024-08-15 00:00:00+00:00,-1,20025678
NOC,HON.,2024-08-15 00:00:00+00:00,-1,20025678
HUBS,HON.,2024-08-15 00:00:00+00:00,-1,20025678
ABNB,HON.,2024-08-15 00:00:00+00:00,-1,20025678
LZB,HON.,2024-08-15 00:00:00+00:00,-1,20025678
LLY,HON.,2024-08-15 00:00:00+00:00,-1,20025678
ALIZY,HON.,2024-08-15 00:00:00+00:00,-1,20025678
GMAB,HON.,2024-08-15 00:00:00+00:00,-1,20025678
MA,HON.,2024-08-15 00:00:00+00:00,-1,20025678
RHHBY,HON.,2024-08-15 00:00:00+00:00,-1,20025678
HTLD,HON.,2024-08-15 00:00:00+00:00,-1,20025678
ABEV,HON.,2024-08-15 00:00:00+00:00,-1,20025678
MEDP,HON.,2024-08-15 00:00:00+00:00,-1,20025678
GOOG,HON.,2024-08-15 00:00:00+00:00,-1,20025678
AMD,HON.,2024-09-11 00:00:00+00:00,0,20025804
BKNG,HON.,2024-09-11 00:00:00+00:00,0,20025804
SHOP,HON.,2024-09-11 00:00:00+00:00,0,20025804
SPOT,HON.,2024-09-11 00:00:00+00:00,0,20025804
FWRG,HON.,2024-09-11 00:00:00+00:00,0,20025804
ABT,HON.,2024-09-11 00:00:00+00:00,0,20025804
CHUY,HON.,2024-09-11 00:00:00+00:00,0,20025804
BNTX,HON.,2024-09-11 00:00:00+00:00,0,20025804
MAR,HON.,2024-09-11 00:00:00+00:00,0,20025804
APD,HON.,2024-09-11 00:00:00+00:00,0,20025804
ORCL,HON.,2024-09-11 00:00:00+00:00,0,20025804
TNDM,HON.,2024-09-11 00:00:00+00:00,0,20025804
MSFT,HON.,2024-09-11 00:00:00+00:00,0,20025804
HSHCY,HON.,2024-09-11 00:00:00+00:00,0,20025804
JBL,HON.,2024-09-11 00:00:00+00:00,0,20025804
NOW,HON.,2024-09-11 00:00:00+00:00,0,20025804
LOW,HON.,2024-09-11 00:00:00+00:00,0,20025804
SNPS,HON.,2024-09-11 00:00:00+00:00,0,20025804
SBUX,HON.,2024-09-11 00:00:00+00:00,0,20025804
KO,HON.,2024-09-11 00:00:00+00:00,0,20025804
AAPL,HON.,2024-09-11 00:00:00+00:00,0,20025804
GS,HON.,2024-09-11 00:00:00+00:00,0,20025804
ETN,HON.,2024-09-11 00:00:00+00:00,0,20025804
TXN,HON.,2024-09-11 00:00:00+00:00,0,20025804
NSC,HON.,2024-09-11 00:00:00+00:00,0,20025804
UBER,HON.,2024-09-11 00:00:00+00:00,0,20025804
TSLA,HON.,2024-09-11 00:00:00+00:00,0,20025804
META,HON.,2024-10-03 00:00:00+00:00,0,20025953
USPH,HON.,2024-10-03 00:00:00+00:00,0,20025953
NSRGY,HON.,2024-10-03 00:00:00+00:00,0,20025953
SAP,HON.,2024-10-03 00:00:00+00:00,0,20025953
VRT,HON.,2024-10-03 00:00:00+00:00,0,20025953
AVGO,HON.,2024-10-03 00:00:00+00:00,0,20025953
PYPL,HON.,2024-10-03 00:00:00+00:00,0,20025953
RHP,HON.,2024-10-03 00:00:00+00:00,0,20025953
TT,HON.,2024-10-03 00:00:00+00:00,0,20025953
MCD,HON.,2024-10-03 00:00:00+00:00,0,20025953
BNTX,HON.,2024-10-03 00:00:00+00:00,0,20025953
LRCX,HON.,2024-10-03 00:00:00+00:00,0,20025953
ALGM,HON.,2024-10-03 00:00:00+00:00,0,20025953
IBN,HON.,2024-10-03 00:00:00+00:00,0,20025953
CELH,HON.,2024-10-03 00:00:00+00:00,0,20025953
TSM,HON.,2024-10-03 00:00:00+00:00,0,20025953
BOOT,HON.,2024-10-03 00:00:00+00:00,0,20025953
HDB,HON.,2024-10-03 00:00:00+00:00,0,20025953
MSFT,HON.,2024-10-03 00:00:00+00:00,0,20025953
IBM,HON.,2024-10-03 00:00:00+00:00,0,20025953
HALO,HON.,2024-10-03 00:00:00+00:00,0,20025953
CNS,HON.,2024-10-03 00:00:00+00:00,0,20025953
SSMXY,HON.,2024-10-03 00:00:00+00:00,0,20025953
TMO,HON.,2024-10-03 00:00:00+00:00,0,20025953
NOW,HON.,2024-10-03 00:00:00+00:00,0,20025953
SNPS,HON.,2024-10-03 00:00:00+00:00,0,20025953
ASML,HON.,2024-10-03 00:00:00+00:00,0,20025953
ICFI,HON.,2024-10-03 00:00:00+00:00,0,20025953
PPBI,HON.,2024-10-03 00:00:00+00:00,0,20025953
BX,HON.,2024-10-03 00:00:00+00:00,0,20025953
CRNX,HON.,2024-10-03 00:00:00+00:00,0,20025953
APH,HON.,2024-10-03 00:00:00+00:00,0,20025953
FCX,HON.,2024-10-03 00:00:00+00:00,0,20025953
IRT,HON.,2024-10-03 00:00:00+00:00,0,20025953
MCK,HON.,2024-10-03 00:00:00+00:00,0,20025953
AAPL,HON.,2024-10-03 00:00:00+00:00,0,20025953
ETN,HON.,2024-10-03 00:00:00+00:00,0,20025953
MA,HON.,2024-10-03 00:00:00+00:00,0,20025953
CHRD,HON.,2024-10-03 00:00:00+00:00,0,20025953
XNGSY,HON.,2024-10-03 00:00:00+00:00,0,20025953
GOOG,HON.,2024-10-03 00:00:00+00:00,0,20025953
ALG,HON.,2024-10-03 00:00:00+00:00,0,20025953
META,HON.,2024-11-06 00:00:00+00:00,0,20026154
USPH,HON.,2024-11-06 00:00:00+00:00,0,20026154
BKNG,HON.,2024-11-06 00:00:00+00:00,0,20026154
HD,HON.,2024-11-06 00:00:00+00:00,0,20026154
VRT,HON.,2024-11-06 00:00:00+00:00,0,20026154
NVDA,HON.,2024-11-06 00:00:00+00:00,0,20026154
TCBI,HON.,2024-11-06 00:00:00+00:00,0,20026154
TDG,HON.,2024-11-06 00:00:00+00:00,0,20026154
BABA,HON.,2024-11-06 00:00:00+00:00,0,20026154
AVGO,HON.,2024-11-06 00:00:00+00:00,0,20026154
ICUI,HON.,2024-11-06 00:00:00+00:00,0,20026154
PYPL,HON.,2024-11-06 00:00:00+00:00,0,20026154
TEL,HON.,2024-11-06 00:00:00+00:00,0,20026154
REGN,HON.,2024-11-06 00:00:00+00:00,0,20026154
LRCX,HON.,2024-11-06 00:00:00+00:00,0,20026154
ALGM,HON.,2024-11-06 00:00:00+00:00,0,20026154
MFC,HON.,2024-11-06 00:00:00+00:00,0,20026154
NFLX,HON.,2024-11-06 00:00:00+00:00,0,20026154
TSM,HON.,2024-11-06 00:00:00+00:00,0,20026154
GTES,HON.,2024-11-06 00:00:00+00:00,0,20026154
APPF,HON.,2024-11-06 00:00:00+00:00,0,20026154
EPAC,HON.,2024-11-06 00:00:00+00:00,0,20026154
MSFT,HON.,2024-11-06 00:00:00+00:00,0,20026154
IBM,HON.,2024-11-06 00:00:00+00:00,0,20026154
TTNDY,HON.,2024-11-06 00:00:00+00:00,0,20026154
ITT,HON.,2024-11-06 00:00:00+00:00,0,20026154
NOW,HON.,2024-11-06 00:00:00+00:00,0,20026154
PPBI,HON.,2024-11-06 00:00:00+00:00,0,20026154
BX,HON.,2024-11-06 00:00:00+00:00,0,20026154
KKR,HON.,2024-11-06 00:00:00+00:00,0,20026154
DSCSY,HON.,2024-11-06 00:00:00+00:00,0,20026154
AAPL,HON.,2024-11-06 00:00:00+00:00,0,20026154
LLY,HON.,2024-11-06 00:00:00+00:00,0,20026154
MDB,HON.,2024-11-06 00:00:00+00:00,0,20026154
CHRD,HON.,2024-11-06 00:00:00+00:00,0,20026154
SF,HON.,2024-11-06 00:00:00+00:00,0,20026154
XNGSY,HON.,2024-11-06 00:00:00+00:00,0,20026154
TSLA,HON.,2024-11-06 00:00:00+00:00,0,20026154
GOOG,HON.,2024-11-06 00:00:00+00:00,0,20026154
ALG,HON.,2024-11-06 00:00:00+00:00,0,20026154
DHI,HON.,2024-12-05 00:00:00+00:00,-1,20026314
JNJ,HON.,2024-12-05 00:00:00+00:00,-1,20026314
SHOP,HON.,2024-12-05 00:00:00+00:00,-1,20026314
VRT,HON.,2024-12-05 00:00:00+00:00,-1,20026314
NVDA,HON.,2024-12-05 00:00:00+00:00,-1,20026314
COP,HON.,2024-12-05 00:00:00+00:00,-1,20026314
REGN,HON.,2024-12-05 00:00:00+00:00,-1,20026314
NFLX,HON.,2024-12-05 00:00:00+00:00,-1,20026314
TSLA,HON.,2024-12-05 00:00:00+00:00,-1,20026314
CRM,HON.,2024-12-05 00:00:00+00:00,-1,20026314
MSFT,HON.,2024-12-05 00:00:00+00:00,-1,20026314
FOXF,HON.,2024-12-05 00:00:00+00:00,-1,20026314
APP,HON.,2024-12-05 00:00:00+00:00,-1,20026314
NTRA,HON.,2024-12-05 00:00:00+00:00,-1,20026314
KKR,HON.,2024-12-05 00:00:00+00:00,-1,20026314
ETN,HON.,2024-12-05 00:00:00+00:00,-1,20026314
LLY,HON.,2024-12-05 00:00:00+00:00,-1,20026314
HQY,HON.,2024-12-05 00:00:00+00:00,-1,20026314
MELI,HON.,2024-12-05 00:00:00+00:00,-1,20026314
COIN,HON.,2024-02-15 00:00:00+00:00,-1,20024517
ET,HON.,2024-01-17 00:00:00+00:00,0,20024062
NGL,HON.,2024-01-17 00:00:00+00:00,0,20024062
NGL,HON.,2024-02-01 00:00:00+00:00,0,20024413
NGL,HON.,2024-02-29 00:00:00+00:00,0,20024572
NGL,HON.,2024-03-13 00:00:00+00:00,0,20024677
NGL,HON.,2024-04-07 00:00:00+00:00,0,20024800
NGL,HON.,2024-05-07 00:00:00+00:00,0,20024954
NGL,HON.,2024-05-14 00:00:00+00:00,0,20025064
NGL,HON.,2024-06-12 00:00:00+00:00,0,20025255
NGL,HON.,2024-07-09 00:00:00+00:00,0,20025429
NGL,HON.,2024-08-11 00:00:00+00:00,0,20025614
NGL,HON.,2024-09-11 00:00:00+00:00,0,20025797
NGL,HON.,2024-10-04 00:00:00+00:00,0,20025948
NGL,HON.,2024-10-29 00:00:00+00:00,0,20026092
NGL,HON.,2024-12-17 00:00:00+00:00,0,20026418
QCOM,HON.,2024-05-01 00:00:00+00:00,0,20024924
HD,HON.,2024-05-01 00:00:00+00:00,0,20024924
MSFT,HON.,2024-05-01 00:00:00+00:00,0,20024924
HSY,HON.,2024-05-01 00:00:00+00:00,0,20024924
TSCO,HON.,2024-05-01 00:00:00+00:00,0,20024924
GS,HON.,2024-05-01 00:00:00+00:00,0,20024924
AMD,HON.,2024-05-21 00:00:00+00:00,0,20025108
SO,HON.,2024-05-21 00:00:00+00:00,0,20025108
CAT,HON.,2024-05-21 00:00:00+00:00,0,20025108
SCHW,HON.,2024-05-21 00:00:00+00:00,0,20025108
KMI,HON.,2024-05-21 00:00:00+00:00,0,20025108
AAPL,HON.,2024-05-21 00:00:00+00:00,0,20025108
CRWD,HON.,2024-06-27 00:00:00+00:00,-1,20025337
NSRGY,HON.,2024-06-27 00:00:00+00:00,-1,20025337
LULU,HON.,2024-06-27 00:00:00+00:00,-1,20025337
ASML,HON.,2024-06-27 00:00:00+00:00,-1,20025337
NEE,HON.,2024-06-27 00:00:00+00:00,-1,20025337
COST,HON.,2024-06-27 00:00:00+00:00,-1,20025337
DUK,HON.,2024-07-24 00:00:00+00:00,0,20025518
JPM,HON.,2024-07-24 00:00:00+00:00,0,20025518
UPS,HON.,2024-07-24 00:00:00+00:00,0,20025518
GLW,HON.,2024-07-24 00:00:00+00:00,0,20025518
DELL,HON.,2024-07-24 00:00:00+00:00,0,20025518
AMAT,HON.,2024-07-24 00:00:00+00:00,0,20025518
FDX,HON.,2024-08-22 00:00:00+00:00,0,20025722
INTC,HON.,2024-08-22 00:00:00+00:00,0,20025722
AMZN,HON.,2024-08-22 00:00:00+00:00,0,20025722
NVDA,HON.,2024-08-22 00:00:00+00:00,0,20025722
KMI,HON.,2024-08-22 00:00:00+00:00,0,20025722
GOOG,HON.,2024-08-22 00:00:00+00:00,0,20025722
CRWD,HON.,2024-09-04 00:00:00+00:00,0,20025777
QCOM,HON.,2024-09-04 00:00:00+00:00,0,20025777
LULU,HON.,2024-09-04 00:00:00+00:00,0,20025777
TSLA,HON.,2024-09-04 00:00:00+00:00,0,20025777
AMZN,HON.,2024-09-04 00:00:00+00:00,0,20025777
NVDA,HON.,2024-09-04 00:00:00+00:00,0,20025777
GSK,HON.,2024-09-04 00:00:00+00:00,0,20025777
SCHW,HON.,2024-09-04 00:00:00+00:00,0,20025777
UPS,HON.,2024-09-04 00:00:00+00:00,0,20025777
PANW,HON.,2024-09-04 00:00:00+00:00,0,20025777
GLW,HON.,2024-09-04 00:00:00+00:00,0,20025777
DLR,HON.,2024-09-04 00:00:00+00:00,0,20025777
GOOG,HON.,2024-09-04 00:00:00+00:00,0,20025777
AAPL,HON.,2024-09-04 00:00:00+00:00,0,20025777
CRWD,HON.,2024-09-23 00:00:00+00:00,0,20025889
INTC,HON.,2024-09-23 00:00:00+00:00,0,20025889
SCCO,HON.,2024-09-23 00:00:00+00:00,0,20025889
CAH,HON.,2024-09-23 00:00:00+00:00,0,20025889
BX,HON.,2024-09-23 00:00:00+00:00,0,20025889
MSFT,HON.,2024-09-23 00:00:00+00:00,0,20025889
UPS,HON.,2024-09-23 00:00:00+00:00,0,20025889
GOOG,HON.,2024-09-23 00:00:00+00:00,0,20025889
LRCX,HON.,2024-09-23 00:00:00+00:00,0,20025889
META,HON.,2024-10-08 00:00:00+00:00,-1,20025986
FDX,HON.,2024-10-08 00:00:00+00:00,-1,20025986
ASML,HON.,2024-10-08 00:00:00+00:00,-1,20025986
JPM,HON.,2024-10-08 00:00:00+00:00,-1,20025986
LRCX,HON.,2024-10-08 00:00:00+00:00,-1,20025986
COST,HON.,2024-10-08 00:00:00+00:00,-1,20025986
DELL,HON.,2024-10-08 00:00:00+00:00,-1,20025986
AMAT,HON.,2024-10-08 00:00:00+00:00,-1,20025986
NSRGY,HON.,2024-10-22 00:00:00+00:00,0,20026059
HD,HON.,2024-10-22 00:00:00+00:00,0,20026059
INTC,HON.,2024-10-22 00:00:00+00:00,0,20026059
ASML,HON.,2024-10-22 00:00:00+00:00,0,20026059
CAT,HON.,2024-10-22 00:00:00+00:00,0,20026059
BX,HON.,2024-10-22 00:00:00+00:00,0,20026059
MSFT,HON.,2024-10-22 00:00:00+00:00,0,20026059
TSLA,HON.,2024-10-22 00:00:00+00:00,0,20026059
META,HON.,2024-11-04 00:00:00+00:00,0,20026149
AMD,HON.,2024-11-04 00:00:00+00:00,0,20026149
INTC,HON.,2024-11-04 00:00:00+00:00,0,20026149
DUK,HON.,2024-11-04 00:00:00+00:00,0,20026149
HSY,HON.,2024-11-04 00:00:00+00:00,0,20026149
TSLA,HON.,2024-11-04 00:00:00+00:00,0,20026149
GLW,HON.,2024-11-04 00:00:00+00:00,0,20026149
DLR,HON.,2024-11-04 00:00:00+00:00,0,20026149
AAPL,HON.,2024-11-04 00:00:00+00:00,0,20026149
SO,HON.,2024-11-08 00:00:00+00:00,0,20026174
FDX,HON.,2024-11-08 00:00:00+00:00,0,20026174
NOW,HON.,2024-11-08 00:00:00+00:00,0,20026174
TSLA,HON.,2024-11-08 00:00:00+00:00,0,20026174
TSCO,HON.,2024-11-08 00:00:00+00:00,0,20026174
NEE,HON.,2024-11-08 00:00:00+00:00,0,20026174
BX,HON.,2024-11-08 00:00:00+00:00,0,20026174
HSY,HON.,2024-11-08 00:00:00+00:00,0,20026174
PANW,HON.,2024-11-08 00:00:00+00:00,0,20026174
DELL,HON.,2024-11-08 00:00:00+00:00,0,20026174
GS,HON.,2024-11-08 00:00:00+00:00,0,20026174
QCOM,HON.,2024-11-21 00:00:00+00:00,0,20026257
NSRGY,HON.,2024-11-21 00:00:00+00:00,0,20026257
SCCO,HON.,2024-11-21 00:00:00+00:00,0,20026257
ABBV,HON.,2024-11-21 00:00:00+00:00,0,20026257
AMZN,HON.,2024-11-21 00:00:00+00:00,0,20026257
OXY,HON.,2024-11-21 00:00:00+00:00,0,20026257
ADBE,HON.,2024-11-21 00:00:00+00:00,0,20026257
AMAT,HON.,2024-11-21 00:00:00+00:00,0,20026257
AMD,HON.,2024-11-27 00:00:00+00:00,-1,20026281
NSRGY,HON.,2024-11-27 00:00:00+00:00,-1,20026281
HD,HON.,2024-11-27 00:00:00+00:00,-1,20026281
DUK,HON.,2024-11-27 00:00:00+00:00,-1,20026281
JNJ,HON.,2024-11-27 00:00:00+00:00,-1,20026281
ASML,HON.,2024-11-27 00:00:00+00:00,-1,20026281
NVDA,HON.,2024-11-27 00:00:00+00:00,-1,20026281
NEE,HON.,2024-11-27 00:00:00+00:00,-1,20026281
GSK,HON.,2024-11-27 00:00:00+00:00,-1,20026281
COST,HON.,2024-11-27 00:00:00+00:00,-1,20026281
SCHW,HON.,2024-11-27 00:00:00+00:00,-1,20026281
UPS,HON.,2024-11-27 00:00:00+00:00,-1,20026281
MSFT,HON.,2024-11-27 00:00:00+00:00,-1,20026281
LRCX,HON.,2024-11-27 00:00:00+00:00,-1,20026281
GOOG,HON.,2024-11-27 00:00:00+00:00,-1,20026281
JPM,HON.,2024-11-27 00:00:00+00:00,-1,20026281
META,HON.,2024-12-27 00:00:00+00:00,0,20026473
NSC,HON.,2024-12-27 00:00:00+00:00,0,20026473
DUK,HON.,2024-12-27 00:00:00+00:00,0,20026473
JNJ,HON.,2024-12-27 00:00:00+00:00,0,20026473
LLY,HON.,2024-12-27 00:00:00+00:00,0,20026473
NOW,HON.,2024-12-27 00:00:00+00:00,0,20026473
AMZN,HON.,2024-12-27 00:00:00+00:00,0,20026473
CAT,HON.,2024-12-27 00:00:00+00:00,0,20026473
NVDA,HON.,2024-12-27 00:00:00+00:00,0,20026473
ADBE,HON.,2024-12-27 00:00:00+00:00,0,20026473
MSFT,HON.,2024-12-27 00:00:00+00:00,0,20026473
GILD,HON.,2024-12-27 00:00:00+00:00,0,20026473
HSY,HON.,2024-12-27 00:00:00+00:00,0,20026473
AMAT,HON.,2024-12-27 00:00:00+00:00,0,20026473
NVDA,HON.,2024-03-12 00:00:00+00:00,0,20024622
TSLA,HON.,2024-12-20 00:00:00+00:00,0,20026412
MNDY,HON.,2024-12-20 00:00:00+00:00,0,20026412
AMZN,HON.,2024-12-20 00:00:00+00:00,0,20026412
LIN,HON.,2024-01-13 00:00:00+00:00,0,20024305
DVN,HON.,2024-01-13 00:00:00+00:00,0,20024305
HD,HON.,2024-01-13 00:00:00+00:00,0,20024305
JNJ,HON.,2024-01-13 00:00:00+00:00,0,20024305
CCLD,HON.,2024-01-13 00:00:00+00:00,0,20024305
WMB,HON.,2024-01-13 00:00:00+00:00,0,20024305
UNH,HON.,2024-01-13 00:00:00+00:00,0,20024305
LMT,HON.,2024-01-13 00:00:00+00:00,0,20024305
NEE,HON.,2024-01-13 00:00:00+00:00,0,20024305
RTX,HON.,2024-01-13 00:00:00+00:00,0,20024305
PXD,HON.,2024-01-13 00:00:00+00:00,0,20024305
EMR,HON.,2024-01-13 00:00:00+00:00,0,20024305
XOM,HON.,2024-01-13 00:00:00+00:00,0,20024305
ROK,HON.,2024-01-13 00:00:00+00:00,0,20024305
EXAS,HON.,2024-02-11 00:00:00+00:00,-1,20024481
COST,HON.,2024-02-11 00:00:00+00:00,-1,20024481
VUZI,HON.,2024-02-11 00:00:00+00:00,-1,20024481
JPM,HON.,2024-02-11 00:00:00+00:00,-1,20024481
ACN,HON.,2024-03-12 00:00:00+00:00,0,20024669
TXN,HON.,2024-03-12 00:00:00+00:00,0,20024669
OKE,HON.,2024-03-12 00:00:00+00:00,0,20024669
MMC,HON.,2024-03-12 00:00:00+00:00,0,20024669
LIN,HON.,2024-04-12 00:00:00+00:00,0,20024869
DVN,HON.,2024-04-12 00:00:00+00:00,0,20024869
HD,HON.,2024-04-12 00:00:00+00:00,0,20024869
JNJ,HON.,2024-04-12 00:00:00+00:00,0,20024869
WMB,HON.,2024-04-12 00:00:00+00:00,0,20024869
UNH,HON.,2024-04-12 00:00:00+00:00,0,20024869
LMT,HON.,2024-04-12 00:00:00+00:00,0,20024869
NEE,HON.,2024-04-12 00:00:00+00:00,0,20024869
RTX,HON.,2024-04-12 00:00:00+00:00,0,20024869
PXD,HON.,2024-04-12 00:00:00+00:00,0,20024869
EMR,HON.,2024-04-12 00:00:00+00:00,0,20024869
XOM,HON.,2024-04-12 00:00:00+00:00,0,20024869
ROK,HON.,2024-04-12 00:00:00+00:00,0,20024869
JPM,HON.,2024-05-12 00:00:00+00:00,0,20025040
ACN,HON.,2024-06-07 00:00:00+00:00,0,20025232
TXN,HON.,2024-06-07 00:00:00+00:00,0,20025232
OKE,HON.,2024-06-07 00:00:00+00:00,0,20025232
MMC,HON.,2024-06-07 00:00:00+00:00,0,20025232
PXD,HON.,2024-06-07 00:00:00+00:00,0,20025232
XOM,HON.,2024-06-07 00:00:00+00:00,0,20025232
LIN,HON.,2024-07-15 00:00:00+00:00,0,20025473
DVN,HON.,2024-07-15 00:00:00+00:00,0,20025473
HD,HON.,2024-07-15 00:00:00+00:00,0,20025473
JNJ,HON.,2024-07-15 00:00:00+00:00,0,20025473
WMB,HON.,2024-07-15 00:00:00+00:00,0,20025473
UNH,HON.,2024-07-15 00:00:00+00:00,0,20025473
LMT,HON.,2024-07-15 00:00:00+00:00,0,20025473
NEE,HON.,2024-07-15 00:00:00+00:00,0,20025473
RTX,HON.,2024-07-15 00:00:00+00:00,0,20025473
AGCO,HON.,2024-07-15 00:00:00+00:00,0,20025473
EMR,HON.,2024-07-15 00:00:00+00:00,0,20025473
XOM,HON.,2024-07-15 00:00:00+00:00,0,20025473
ROK,HON.,2024-07-15 00:00:00+00:00,0,20025473
CB,HON.,2024-08-10 00:00:00+00:00,0,20025634
MCD,HON.,2024-11-15 00:00:00+00:00,0,20026222
PYPL,HON.,2024-01-10 00:00:00+00:00,0,20024215
SCHW,HON.,2024-01-10 00:00:00+00:00,0,20024215
PANW,HON.,2024-01-12 00:00:00+00:00,0,20024253
ACI,HON.,2024-01-12 00:00:00+00:00,0,20024253
HEI,HON.,2024-01-12 00:00:00+00:00,0,20024253
INTC,HON.,2024-02-15 00:00:00+00:00,0,20024450
CAH,HON.,2024-02-15 00:00:00+00:00,0,20024450
BP,HON.,2024-02-15 00:00:00+00:00,0,20024450
REGN,HON.,2024-02-15 00:00:00+00:00,0,20024450
LRCX,HON.,2024-02-15 00:00:00+00:00,0,20024450
HXL,HON.,2024-03-19 00:00:00+00:00,0,20024606
INTC,HON.,2024-04-24 00:00:00+00:00,0,20024811
ADI,HON.,2024-04-24 00:00:00+00:00,0,20024811
ASML,HON.,2024-04-24 00:00:00+00:00,0,20024811
AMAT,HON.,2024-04-24 00:00:00+00:00,0,20024811
AAPL,HON.,2024-04-24 00:00:00+00:00,0,20024811
LULU,HON.,2024-05-07 00:00:00+00:00,0,20025000
HXL,HON.,2024-05-07 00:00:00+00:00,0,20025000
JPM,HON.,2024-05-07 00:00:00+00:00,0,20025000
COP,HON.,2024-05-07 00:00:00+00:00,0,20025000
AES,HON.,2024-08-12 00:00:00+00:00,-1,20025635
TECK,HON.,2024-08-12 00:00:00+00:00,-1,20025635
CRM,HON.,2024-08-12 00:00:00+00:00,-1,20025635
COP,HON.,2024-08-12 00:00:00+00:00,-1,20025635
ACI,HON.,2024-08-12 00:00:00+00:00,-1,20025635
CPNG,HON.,2024-08-12 00:00:00+00:00,-1,20025635
LRCX,HON.,2024-09-20 00:00:00+00:00,0,20025792
SPG,HON.,2024-09-20 00:00:00+00:00,0,20025792
ARMK,HON.,2024-10-11 00:00:00+00:00,0,20025938
AES,HON.,2024-10-11 00:00:00+00:00,0,20025938
MRK,HON.,2024-10-11 00:00:00+00:00,0,20025938
GD,HON.,2024-10-11 00:00:00+00:00,0,20025938
ASML,HON.,2024-11-29 00:00:00+00:00,-1,20026125
CRM,HON.,2024-11-29 00:00:00+00:00,-1,20026125
AMZN,HON.,2024-12-12 00:00:00+00:00,0,20026313
REGN,HON.,2024-12-12 00:00:00+00:00,0,20026313
AMAT,HON.,2024-12-12 00:00:00+00:00,0,20026313
CHD,HON.,2024-12-12 00:00:00+00:00,0,20026313
HD,HON.,2024-09-02 00:00:00+00:00,0,20025719
CTSH,HON.,2024-09-02 00:00:00+00:00,0,20025719
NVDA,HON.,2024-09-02 00:00:00+00:00,0,20025719
BAC,HON.,2024-09-02 00:00:00+00:00,0,20025719
AMAT,HON.,2024-09-02 00:00:00+00:00,0,20025719
ACN,HON.,2024-09-02 00:00:00+00:00,0,20025719
CCI,HON.,2024-09-02 00:00:00+00:00,0,20025719
GOOGL,HON.,2024-09-02 00:00:00+00:00,0,20025719
AXP,HON.,2024-09-02 00:00:00+00:00,0,20025719
MSFT,HON.,2024-09-02 00:00:00+00:00,0,20025719
IBM,HON.,2024-09-02 00:00:00+00:00,0,20025719
ITW,HON.,2024-09-02 00:00:00+00:00,0,20025719
TMO,HON.,2024-09-02 00:00:00+00:00,0,20025719
ADI,HON.,2024-09-02 00:00:00+00:00,0,20025719
HUM,HON.,2024-09-02 00:00:00+00:00,0,20025719
ABBV,HON.,2024-09-02 00:00:00+00:00,0,20025719
PPG,HON.,2024-09-02 00:00:00+00:00,0,20025719
NVO,HON.,2024-09-02 00:00:00+00:00,0,20025719
UPS,HON.,2024-09-02 00:00:00+00:00,0,20025719
MS,HON.,2024-09-02 00:00:00+00:00,0,20025719
KO,HON.,2024-09-02 00:00:00+00:00,0,20025719
TXN,HON.,2024-09-02 00:00:00+00:00,0,20025719
WFC,HON.,2024-09-02 00:00:00+00:00,0,20025719
ELV,HON.,2024-09-02 00:00:00+00:00,0,20025719
JNJ,HON.,2024-09-02 00:00:00+00:00,0,20025719
BDX,HON.,2024-09-02 00:00:00+00:00,0,20025719
ABT,HON.,2024-09-02 00:00:00+00:00,0,20025719
AVTR,HON.,2024-09-02 00:00:00+00:00,0,20025719
WAB,HON.,2024-09-02 00:00:00+00:00,0,20025719
TT,HON.,2024-09-02 00:00:00+00:00,0,20025719
BMY,HON.,2024-09-02 00:00:00+00:00,0,20025719
CME,HON.,2024-09-02 00:00:00+00:00,0,20025719
MCD,HON.,2024-09-02 00:00:00+00:00,0,20025719
CMI,HON.,2024-09-02 00:00:00+00:00,0,20025719
EA,HON.,2024-09-02 00:00:00+00:00,0,20025719
RGA,HON.,2024-09-02 00:00:00+00:00,0,20025719
AXTA,HON.,2024-09-02 00:00:00+00:00,0,20025719
UNP,HON.,2024-09-02 00:00:00+00:00,0,20025719
LMT,HON.,2024-09-02 00:00:00+00:00,0,20025719
PNC,HON.,2024-09-02 00:00:00+00:00,0,20025719
CVX,HON.,2024-09-02 00:00:00+00:00,0,20025719
NOC,HON.,2024-09-02 00:00:00+00:00,0,20025719
AAPL,HON.,2024-09-02 00:00:00+00:00,0,20025719
DLTR,HON.,2024-09-02 00:00:00+00:00,0,20025719
DG,HON.,2024-09-02 00:00:00+00:00,0,20025719
SKX,HON.,2024-09-02 00:00:00+00:00,0,20025719
AMD,HON.,2024-09-02 00:00:00+00:00,0,20025719
DEO,HON.,2024-09-02 00:00:00+00:00,0,20025719
FTV,HON.,2024-09-02 00:00:00+00:00,0,20025719
CAT,HON.,2024-09-02 00:00:00+00:00,0,20025719
APD,HON.,2024-09-02 00:00:00+00:00,0,20025719
THC,HON.,2024-09-02 00:00:00+00:00,0,20025719
LRCX,HON.,2024-09-02 00:00:00+00:00,0,20025719
WMT,HON.,2024-09-02 00:00:00+00:00,0,20025719
CIEN,HON.,2024-09-02 00:00:00+00:00,0,20025719
SONY,HON.,2024-09-02 00:00:00+00:00,0,20025719
JPM,HON.,2024-09-02 00:00:00+00:00,0,20025719
HON,HON.,2024-09-02 00:00:00+00:00,0,20025719
AEP,HON.,2024-09-02 00:00:00+00:00,0,20025719
LH,HON.,2024-09-02 00:00:00+00:00,0,20025719
SNY,HON.,2024-09-02 00:00:00+00:00,0,20025719
SHEL,HON.,2024-09-02 00:00:00+00:00,0,20025719
CSCO,HON.,2024-09-02 00:00:00+00:00,0,20025719
ROST,HON.,2024-09-02 00:00:00+00:00,0,20025719
LPLA,HON.,2024-09-02 00:00:00+00:00,0,20025719
ALLE,HON.,2024-09-02 00:00:00+00:00,0,20025719
MDLZ,HON.,2024-09-02 00:00:00+00:00,0,20025719
MCHP,HON.,2024-09-02 00:00:00+00:00,0,20025719
VLO,HON.,2024-09-02 00:00:00+00:00,0,20025719
ZBRA,HON.,2024-09-02 00:00:00+00:00,0,20025719
ETN,HON.,2024-09-02 00:00:00+00:00,0,20025719
MRVL,HON.,2024-09-02 00:00:00+00:00,0,20025719
VOYA,HON.,2024-09-02 00:00:00+00:00,0,20025719
VEEV,HON.,2024-09-02 00:00:00+00:00,0,20025719
LVS,HON.,2024-09-02 00:00:00+00:00,0,20025719
MRK,HON.,2024-09-02 00:00:00+00:00,0,20025719
WM,HON.,2024-09-02 00:00:00+00:00,0,20025719
CB,HON.,2024-09-02 00:00:00+00:00,0,20025719
CTVA,HON.,2024-09-02 00:00:00+00:00,0,20025719
META,HON.,2024-09-02 00:00:00+00:00,0,20025719
LIN,HON.,2024-09-02 00:00:00+00:00,0,20025719
ADP,HON.,2024-09-02 00:00:00+00:00,0,20025719
EOG,HON.,2024-09-02 00:00:00+00:00,0,20025719
AMZN,HON.,2024-09-02 00:00:00+00:00,0,20025719
COP,HON.,2024-09-02 00:00:00+00:00,0,20025719
PEP,HON.,2024-09-02 00:00:00+00:00,0,20025719
AVGO,HON.,2024-09-02 00:00:00+00:00,0,20025719
ICLR,HON.,2024-09-02 00:00:00+00:00,0,20025719
UL,HON.,2024-09-02 00:00:00+00:00,0,20025719
APTV,HON.,2024-09-02 00:00:00+00:00,0,20025719
ETR,HON.,2024-09-02 00:00:00+00:00,0,20025719
PM,HON.,2024-09-02 00:00:00+00:00,0,20025719
FOXA,HON.,2024-09-02 00:00:00+00:00,0,20025719
TKO,HON.,2024-09-02 00:00:00+00:00,0,20025719
VZ,HON.,2024-09-02 00:00:00+00:00,0,20025719
MNST,HON.,2024-09-02 00:00:00+00:00,0,20025719
MMC,HON.,2024-09-02 00:00:00+00:00,0,20025719
SO,HON.,2024-09-02 00:00:00+00:00,0,20025719
KLAC,HON.,2024-09-02 00:00:00+00:00,0,20025719
BLK,HON.,2024-09-02 00:00:00+00:00,0,20025719
BP,HON.,2024-09-02 00:00:00+00:00,0,20025719
OTIS,HON.,2024-09-02 00:00:00+00:00,0,20025719
XOM,HON.,2024-09-02 00:00:00+00:00,0,20025719
CMCSA,HON.,2024-09-02 00:00:00+00:00,0,20025719
CAH,HON.,2024-09-02 00:00:00+00:00,0,20025719
UNH,HON.,2024-09-02 00:00:00+00:00,0,20025719
PGR,HON.,2024-09-02 00:00:00+00:00,0,20025719
ICE,HON.,2024-09-02 00:00:00+00:00,0,20025719
PG,HON.,2024-09-02 00:00:00+00:00,0,20025719
MU,HON.,2024-09-02 00:00:00+00:00,0,20025719
MDT,HON.,2024-09-02 00:00:00+00:00,0,20025719
DFS,HON.,2024-09-02 00:00:00+00:00,0,20025719
GOOG,HON.,2024-09-02 00:00:00+00:00,0,20025719
PH,HON.,2024-09-02 00:00:00+00:00,0,20025719
HD,HON.,2024-09-06 00:00:00+00:00,0,20025799
CTSH,HON.,2024-09-06 00:00:00+00:00,0,20025799
NVDA,HON.,2024-09-06 00:00:00+00:00,0,20025799
NEE,HON.,2024-09-06 00:00:00+00:00,0,20025799
BAC,HON.,2024-09-06 00:00:00+00:00,0,20025799
AMAT,HON.,2024-09-06 00:00:00+00:00,0,20025799
ACN,HON.,2024-09-06 00:00:00+00:00,0,20025799
CCI,HON.,2024-09-06 00:00:00+00:00,0,20025799
GOOGL,HON.,2024-09-06 00:00:00+00:00,0,20025799
AVY,HON.,2024-09-06 00:00:00+00:00,0,20025799
MSFT,HON.,2024-09-06 00:00:00+00:00,0,20025799
IBM,HON.,2024-09-06 00:00:00+00:00,0,20025799
EBAY,HON.,2024-09-06 00:00:00+00:00,0,20025799
ITW,HON.,2024-09-06 00:00:00+00:00,0,20025799
TMO,HON.,2024-09-06 00:00:00+00:00,0,20025799
ADI,HON.,2024-09-06 00:00:00+00:00,0,20025799
HUM,HON.,2024-09-06 00:00:00+00:00,0,20025799
ABBV,HON.,2024-09-06 00:00:00+00:00,0,20025799
PPG,HON.,2024-09-06 00:00:00+00:00,0,20025799
DIS,HON.,2024-09-06 00:00:00+00:00,0,20025799
NVO,HON.,2024-09-06 00:00:00+00:00,0,20025799
UPS,HON.,2024-09-06 00:00:00+00:00,0,20025799
MS,HON.,2024-09-06 00:00:00+00:00,0,20025799
KO,HON.,2024-09-06 00:00:00+00:00,0,20025799
PEG,HON.,2024-09-06 00:00:00+00:00,0,20025799
TXN,HON.,2024-09-06 00:00:00+00:00,0,20025799
WEC,HON.,2024-09-06 00:00:00+00:00,0,20025799
WFC,HON.,2024-09-06 00:00:00+00:00,0,20025799
ELV,HON.,2024-09-06 00:00:00+00:00,0,20025799
JNJ,HON.,2024-09-06 00:00:00+00:00,0,20025799
BDX,HON.,2024-09-06 00:00:00+00:00,0,20025799
GIS,HON.,2024-09-06 00:00:00+00:00,0,20025799
ABT,HON.,2024-09-06 00:00:00+00:00,0,20025799
AVTR,HON.,2024-09-06 00:00:00+00:00,0,20025799
PKG,HON.,2024-09-06 00:00:00+00:00,0,20025799
AVB,HON.,2024-09-06 00:00:00+00:00,0,20025799
BK,HON.,2024-09-06 00:00:00+00:00,0,20025799
TT,HON.,2024-09-06 00:00:00+00:00,0,20025799
WAB,HON.,2024-09-06 00:00:00+00:00,0,20025799
GPC,HON.,2024-09-06 00:00:00+00:00,0,20025799
CME,HON.,2024-09-06 00:00:00+00:00,0,20025799
MCD,HON.,2024-09-06 00:00:00+00:00,0,20025799
CMI,HON.,2024-09-06 00:00:00+00:00,0,20025799
EA,HON.,2024-09-06 00:00:00+00:00,0,20025799
RGA,HON.,2024-09-06 00:00:00+00:00,0,20025799
FNF,HON.,2024-09-06 00:00:00+00:00,0,20025799
UNP,HON.,2024-09-06 00:00:00+00:00,0,20025799
DNB,HON.,2024-09-06 00:00:00+00:00,0,20025799
LMT,HON.,2024-09-06 00:00:00+00:00,0,20025799
PNC,HON.,2024-09-06 00:00:00+00:00,0,20025799
CVX,HON.,2024-09-06 00:00:00+00:00,0,20025799
NOC,HON.,2024-09-06 00:00:00+00:00,0,20025799
AAPL,HON.,2024-09-06 00:00:00+00:00,0,20025799
DLTR,HON.,2024-09-06 00:00:00+00:00,0,20025799
SKX,HON.,2024-09-06 00:00:00+00:00,0,20025799
AMD,HON.,2024-09-06 00:00:00+00:00,0,20025799
DEO,HON.,2024-09-06 00:00:00+00:00,0,20025799
FTV,HON.,2024-09-06 00:00:00+00:00,0,20025799
APD,HON.,2024-09-06 00:00:00+00:00,0,20025799
THC,HON.,2024-09-06 00:00:00+00:00,0,20025799
LRCX,HON.,2024-09-06 00:00:00+00:00,0,20025799
WMT,HON.,2024-09-06 00:00:00+00:00,0,20025799
CIEN,HON.,2024-09-06 00:00:00+00:00,0,20025799
CDW,HON.,2024-09-06 00:00:00+00:00,0,20025799
SONY,HON.,2024-09-06 00:00:00+00:00,0,20025799
JPM,HON.,2024-09-06 00:00:00+00:00,0,20025799
HON,HON.,2024-09-06 00:00:00+00:00,0,20025799
AEP,HON.,2024-09-06 00:00:00+00:00,0,20025799
SNY,HON.,2024-09-06 00:00:00+00:00,0,20025799
SHEL,HON.,2024-09-06 00:00:00+00:00,0,20025799
CSCO,HON.,2024-09-06 00:00:00+00:00,0,20025799
ROST,HON.,2024-09-06 00:00:00+00:00,0,20025799
MDLZ,HON.,2024-09-06 00:00:00+00:00,0,20025799
MCHP,HON.,2024-09-06 00:00:00+00:00,0,20025799
VLO,HON.,2024-09-06 00:00:00+00:00,0,20025799
ZBRA,HON.,2024-09-06 00:00:00+00:00,0,20025799
MRVL,HON.,2024-09-06 00:00:00+00:00,0,20025799
UBER,HON.,2024-09-06 00:00:00+00:00,0,20025799
MRK,HON.,2024-09-06 00:00:00+00:00,0,20025799
RTX,HON.,2024-09-06 00:00:00+00:00,0,20025799
AEE,HON.,2024-09-06 00:00:00+00:00,0,20025799
WM,HON.,2024-09-06 00:00:00+00:00,0,20025799
CB,HON.,2024-09-06 00:00:00+00:00,0,20025799
CTVA,HON.,2024-09-06 00:00:00+00:00,0,20025799
META,HON.,2024-09-06 00:00:00+00:00,0,20025799
LIN,HON.,2024-09-06 00:00:00+00:00,0,20025799
ADP,HON.,2024-09-06 00:00:00+00:00,0,20025799
EOG,HON.,2024-09-06 00:00:00+00:00,0,20025799
TJX,HON.,2024-09-06 00:00:00+00:00,0,20025799
AMZN,HON.,2024-09-06 00:00:00+00:00,0,20025799
COP,HON.,2024-09-06 00:00:00+00:00,0,20025799
PEP,HON.,2024-09-06 00:00:00+00:00,0,20025799
BAH,HON.,2024-09-06 00:00:00+00:00,0,20025799
AVGO,HON.,2024-09-06 00:00:00+00:00,0,20025799
ICLR,HON.,2024-09-06 00:00:00+00:00,0,20025799
PLD,HON.,2024-09-06 00:00:00+00:00,0,20025799
APTV,HON.,2024-09-06 00:00:00+00:00,0,20025799
ETR,HON.,2024-09-06 00:00:00+00:00,0,20025799
TKO,HON.,2024-09-06 00:00:00+00:00,0,20025799
MMC,HON.,2024-09-06 00:00:00+00:00,0,20025799
SO,HON.,2024-09-06 00:00:00+00:00,0,20025799
PSA,HON.,2024-09-06 00:00:00+00:00,0,20025799
KLAC,HON.,2024-09-06 00:00:00+00:00,0,20025799
BLK,HON.,2024-09-06 00:00:00+00:00,0,20025799
BP,HON.,2024-09-06 00:00:00+00:00,0,20025799
BX,HON.,2024-09-06 00:00:00+00:00,0,20025799
OTIS,HON.,2024-09-06 00:00:00+00:00,0,20025799
XOM,HON.,2024-09-06 00:00:00+00:00,0,20025799
CMCSA,HON.,2024-09-06 00:00:00+00:00,0,20025799
CAH,HON.,2024-09-06 00:00:00+00:00,0,20025799
UNH,HON.,2024-09-06 00:00:00+00:00,0,20025799
ICE,HON.,2024-09-06 00:00:00+00:00,0,20025799
PG,HON.,2024-09-06 00:00:00+00:00,0,20025799
MU,HON.,2024-09-06 00:00:00+00:00,0,20025799
MDT,HON.,2024-09-06 00:00:00+00:00,0,20025799
DFS,HON.,2024-09-06 00:00:00+00:00,0,20025799
GOOG,HON.,2024-09-06 00:00:00+00:00,0,20025799
PH,HON.,2024-09-06 00:00:00+00:00,0,20025799
GBDC,HON.,2024-08-06 00:00:00+00:00,0,20021523
IWF,HON.,2024-08-06 00:00:00+00:00,0,20021523
BLK,HON.,2024-08-06 00:00:00+00:00,0,20021523
XBI,HON.,2024-08-06 00:00:00+00:00,0,20021523
TRP,HON.,2024-08-06 00:00:00+00:00,0,20021523
BA,HON.,2024-08-06 00:00:00+00:00,0,20021523
VCSH,HON.,2024-08-06 00:00:00+00:00,0,20021523
ORCL,HON.,2024-01-26 00:00:00+00:00,0,20024309
BDX,HON.,2024-02-20 00:00:00+00:00,0,20024509
PRNDY,HON.,2024-02-20 00:00:00+00:00,0,20024509
NKE,HON.,2024-03-18 00:00:00+00:00,0,20024685
BERY,HON.,2024-03-18 00:00:00+00:00,0,20024685
NKE,HON.,2024-05-30 00:00:00+00:00,0,20025059
ILMN,HON.,2024-05-30 00:00:00+00:00,0,20025059
BDX,HON.,2024-06-18 00:00:00+00:00,0,20025291
AON,HON.,2024-06-18 00:00:00+00:00,0,20025291
FI,HON.,2024-06-18 00:00:00+00:00,0,20025291
NKE,HON.,2024-07-20 00:00:00+00:00,0,20025478
RGBM,HON.,2024-08-13 00:00:00+00:00,0,20025671
ABT,HON.,2024-08-19 00:00:00+00:00,0,20025681
FTV,HON.,2024-09-20 00:00:00+00:00,0,20025886
NKE,HON.,2024-10-15 00:00:00+00:00,0,20026021
AMTM,HON.,2024-10-15 00:00:00+00:00,0,20026021
LSXMA,HON.,2024-10-15 00:00:00+00:00,0,20026021
SIRI,HON.,2024-10-15 00:00:00+00:00,0,20026021
LSXMK,HON.,2024-10-15 00:00:00+00:00,0,20026021
FTV,HON.,2024-12-16 00:00:00+00:00,0,20026408
PDRDF,HON.,2024-12-16 00:00:00+00:00,0,20026408
SNRE,HON.,2024-12-16 00:00:00+00:00,0,20026408
LBTYK,HON.,2024-12-16 00:00:00+00:00,0,20026408
PANW,HON.,2024-02-05 00:00:00+00:00,0,20024445
BA,HON.,2024-03-12 00:00:00+00:00,0,20024668
URI,HON.,2024-03-12 00:00:00+00:00,0,20024668
TDG,HON.,2024-03-12 00:00:00+00:00,0,20024668
CVS,HON.,2024-05-22 00:00:00+00:00,0,20025119
ACN,HON.,2024-05-22 00:00:00+00:00,0,20025119
AZO,HON.,2024-05-22 00:00:00+00:00,0,20025119
LOW,HON.,2024-05-22 00:00:00+00:00,0,20025119
AMZN,HON.,2024-05-22 00:00:00+00:00,0,20025119
GOOGL,HON.,2024-05-22 00:00:00+00:00,0,20025119
MSFT,HON.,2024-05-22 00:00:00+00:00,0,20025119
ABNB,HON.,2024-05-22 00:00:00+00:00,0,20025119
NXPI,HON.,2024-09-24 00:00:00+00:00,0,20025891
CAT,HON.,2024-09-24 00:00:00+00:00,0,20025891
QCOM,HON.,2024-11-06 00:00:00+00:00,0,20026091
AMTM,HON.,2024-11-06 00:00:00+00:00,0,20026091
AMZN,HON.,2024-11-06 00:00:00+00:00,0,20026091
GOOGL,HON.,2024-11-06 00:00:00+00:00,0,20026091
MSFT,HON.,2024-11-06 00:00:00+00:00,0,20026091
META,HON.,2024-06-14 00:00:00+00:00,0,20025280
EW,HON.,2024-06-14 00:00:00+00:00,0,20025280
UNH,HON.,2024-06-14 00:00:00+00:00,0,20025280
USB,HON.,2024-06-14 00:00:00+00:00,0,20025280
CLF,HON.,2024-06-14 00:00:00+00:00,0,20025280
CVX,HON.,2024-06-14 00:00:00+00:00,0,20025280
VZ,HON.,2024-06-14 00:00:00+00:00,0,20025280
UNP,HON.,2024-12-12 00:00:00+00:00,0,20026380
INTC,HON.,2024-12-12 00:00:00+00:00,0,20026380
WNRP,HON.,2024-09-27 00:00:00+00:00,0,20025916
CRWD,HON.,2024-08-14 00:00:00+00:00,-1,20025622
LIN,HON.,2024-08-14 00:00:00+00:00,-1,20025622
AMZN,HON.,2024-08-14 00:00:00+00:00,-1,20025622
NVDA,HON.,2024-08-14 00:00:00+00:00,-1,20025622
NEE,HON.,2024-08-14 00:00:00+00:00,-1,20025622
ULTA,HON.,2024-08-14 00:00:00+00:00,-1,20025622
ADBE,HON.,2024-08-14 00:00:00+00:00,-1,20025622
TEL,HON.,2024-08-14 00:00:00+00:00,-1,20025622
FANG,HON.,2024-08-14 00:00:00+00:00,-1,20025622
REGN,HON.,2024-08-14 00:00:00+00:00,-1,20025622
VLTO,HON.,2024-08-14 00:00:00+00:00,-1,20025622
GOOGL,HON.,2024-08-14 00:00:00+00:00,-1,20025622
CRM,HON.,2024-08-14 00:00:00+00:00,-1,20025622
COST,HON.,2024-08-14 00:00:00+00:00,-1,20025622
MSFT,HON.,2024-08-14 00:00:00+00:00,-1,20025622
ISRG,HON.,2024-08-14 00:00:00+00:00,-1,20025622
HON,HON.,2024-08-14 00:00:00+00:00,-1,20025622
LHX,HON.,2024-08-14 00:00:00+00:00,-1,20025622
ADI,HON.,2024-08-14 00:00:00+00:00,-1,20025622
EL,HON.,2024-08-14 00:00:00+00:00,-1,20025622
URI,HON.,2024-08-14 00:00:00+00:00,-1,20025622
BLK,HON.,2024-08-14 00:00:00+00:00,-1,20025622
TRMB,HON.,2024-08-14 00:00:00+00:00,-1,20025622
COR,HON.,2024-08-14 00:00:00+00:00,-1,20025622
CDNS,HON.,2024-08-14 00:00:00+00:00,-1,20025622
XOM,HON.,2024-08-14 00:00:00+00:00,-1,20025622
AAPL,HON.,2024-08-14 00:00:00+00:00,-1,20025622
LNG,HON.,2024-08-14 00:00:00+00:00,-1,20025622
DG,HON.,2024-08-14 00:00:00+00:00,-1,20025622
LLY,HON.,2024-08-14 00:00:00+00:00,-1,20025622
UBER,HON.,2024-08-14 00:00:00+00:00,-1,20025622
RTX,HON.,2024-08-14 00:00:00+00:00,-1,20025622
HZNP,HON.,2024-08-14 00:00:00+00:00,-1,20025622
AMP,HON.,2024-08-14 00:00:00+00:00,-1,20025622
PH,HON.,2024-08-14 00:00:00+00:00,-1,20025622
ANET,HON.,2024-09-23 00:00:00+00:00,0,20025834
AMZN,HON.,2024-09-23 00:00:00+00:00,0,20025834
ADBE,HON.,2024-09-23 00:00:00+00:00,0,20025834
ULTA,HON.,2024-09-23 00:00:00+00:00,0,20025834
FANG,HON.,2024-10-14 00:00:00+00:00,0,20025946
NEE,HON.,2024-10-14 00:00:00+00:00,0,20025946
CRWD,HON.,2024-11-14 00:00:00+00:00,0,20026101
LIN,HON.,2024-11-14 00:00:00+00:00,0,20026101
LNG,HON.,2024-11-14 00:00:00+00:00,0,20026101
REGN,HON.,2024-11-14 00:00:00+00:00,0,20026101
AMZN,HON.,2024-11-14 00:00:00+00:00,0,20026101
NEE,HON.,2024-11-14 00:00:00+00:00,0,20026101
PFE,HON.,2024-11-14 00:00:00+00:00,0,20026101
XOM,HON.,2024-11-14 00:00:00+00:00,0,20026101
FANG,HON.,2024-11-14 00:00:00+00:00,0,20026101
PSX,HON.,2024-11-14 00:00:00+00:00,0,20026101
URI,HON.,2024-12-12 00:00:00+00:00,0,20026361
AMP,HON.,2024-12-12 00:00:00+00:00,0,20026361
LLY,HON.,2024-12-12 00:00:00+00:00,0,20026361
ZTS,HON.,2024-01-19 00:00:00+00:00,-1,20024339
HSY,HON.,2024-01-19 00:00:00+00:00,-1,20024339
CL,HON.,2024-01-19 00:00:00+00:00,-1,20024339
BMY,HON.,2024-01-19 00:00:00+00:00,-1,20024339
FDX,HON.,2024-04-10 00:00:00+00:00,0,20024842
UPS,HON.,2024-04-10 00:00:00+00:00,0,20024842
ODFL,HON.,2024-07-17 00:00:00+00:00,0,20025486
HIG,HON.,2024-07-17 00:00:00+00:00,0,20025486
WM,HON.,2024-07-17 00:00:00+00:00,0,20025486
GS,HON.,2024-07-17 00:00:00+00:00,0,20025486
FMAO,HON.,2024-02-14 00:00:00+00:00,0,20024505
FMAO,HON.,2024-04-20 00:00:00+00:00,0,20024901
FMAO,HON.,2024-06-09 00:00:00+00:00,0,20025238
FMAO,HON.,2024-07-21 00:00:00+00:00,0,20025507
FMAO,HON.,2024-11-07 00:00:00+00:00,0,20026165
JPM,HON.,2024-09-14 00:00:00+00:00,1,20025714
AAPL,HON.,2024-09-14 00:00:00+00:00,1,20025714
KTRA,HON.,2024-11-21 00:00:00+00:00,0,20026063
PFE,HON.,2024-11-21 00:00:00+00:00,0,20026063
GEV,HON.,2024-11-21 00:00:00+00:00,0,20026063
HURA,HON.,2024-11-21 00:00:00+00:00,0,20026063
AAPL,HON.,2024-11-21 00:00:00+00:00,0,20026063
BABA,HON.,2024-01-04 00:00:00+00:00,0,20024249
AAPL,HON.,2024-08-05 00:00:00+00:00,0,20025546
RNMBY,HON.,2024-05-24 00:00:00+00:00,0,20025096
VMW,HON.,2024-05-09 00:00:00+00:00,1,20025025
NVDA,HON.,2024-05-23 00:00:00+00:00,0,20025123
EL,HON.,2024-01-12 00:00:00+00:00,0,20024231
DIS,HON.,2024-01-12 00:00:00+00:00,0,20024231
PFE,HON.,2024-01-12 00:00:00+00:00,0,20024231
PYPL,HON.,2024-01-12 00:00:00+00:00,0,20024231
MDT,HON.,2024-01-12 00:00:00+00:00,0,20024231
CFG,HON.,2024-01-12 00:00:00+00:00,0,20024231
NKE,HON.,2024-02-06 00:00:00+00:00,-1,20024436
TJX,HON.,2024-02-06 00:00:00+00:00,-1,20024436
JNJ,HON.,2024-02-06 00:00:00+00:00,-1,20024436
GIS,HON.,2024-02-06 00:00:00+00:00,-1,20024436
CAT,HON.,2024-02-06 00:00:00+00:00,-1,20024436
ABT,HON.,2024-02-06 00:00:00+00:00,-1,20024436
PKG,HON.,2024-02-06 00:00:00+00:00,-1,20024436
CME,HON.,2024-02-06 00:00:00+00:00,-1,20024436
LRCX,HON.,2024-02-06 00:00:00+00:00,-1,20024436
ACN,HON.,2024-02-06 00:00:00+00:00,-1,20024436
MSCI,HON.,2024-02-06 00:00:00+00:00,-1,20024436
WMT,HON.,2024-02-06 00:00:00+00:00,-1,20024436
GOOGL,HON.,2024-02-06 00:00:00+00:00,-1,20024436
CRM,HON.,2024-02-06 00:00:00+00:00,-1,20024436
INTU,HON.,2024-02-06 00:00:00+00:00,-1,20024436
AON,HON.,2024-02-06 00:00:00+00:00,-1,20024436
COST,HON.,2024-02-06 00:00:00+00:00,-1,20024436
MSFT,HON.,2024-02-06 00:00:00+00:00,-1,20024436
SYY,HON.,2024-02-06 00:00:00+00:00,-1,20024436
JPM,HON.,2024-02-06 00:00:00+00:00,-1,20024436
ABBV,HON.,2024-02-06 00:00:00+00:00,-1,20024436
LMT,HON.,2024-02-06 00:00:00+00:00,-1,20024436
SBUX,HON.,2024-02-06 00:00:00+00:00,-1,20024436
AMGN,HON.,2024-02-06 00:00:00+00:00,-1,20024436
CFG,HON.,2024-02-06 00:00:00+00:00,-1,20024436
AAPL,HON.,2024-02-06 00:00:00+00:00,-1,20024436
QCOM,HON.,2024-02-06 00:00:00+00:00,-1,20024436
MA,HON.,2024-02-06 00:00:00+00:00,-1,20024436
MRK,HON.,2024-02-06 00:00:00+00:00,-1,20024436
PG,HON.,2024-02-06 00:00:00+00:00,-1,20024436
MU,HON.,2024-02-06 00:00:00+00:00,-1,20024436
CB,HON.,2024-02-06 00:00:00+00:00,-1,20024436
MDT,HON.,2024-02-06 00:00:00+00:00,-1,20024436
GOOG,HON.,2024-02-06 00:00:00+00:00,-1,20024436
WU,HON.,2024-07-06 00:00:00+00:00,0,20025373
NKE,HON.,2024-08-16 00:00:00+00:00,-1,20025679
HD,HON.,2024-08-16 00:00:00+00:00,-1,20025679
TJX,HON.,2024-08-16 00:00:00+00:00,-1,20025679
JNJ,HON.,2024-08-16 00:00:00+00:00,-1,20025679
CAT,HON.,2024-08-16 00:00:00+00:00,-1,20025679
NVDA,HON.,2024-08-16 00:00:00+00:00,-1,20025679
ABT,HON.,2024-08-16 00:00:00+00:00,-1,20025679
MICRD,HON.,2024-08-16 00:00:00+00:00,-1,20025679
PKG,HON.,2024-08-16 00:00:00+00:00,-1,20025679
CME,HON.,2024-08-16 00:00:00+00:00,-1,20025679
APD,HON.,2024-08-16 00:00:00+00:00,-1,20025679
LRCX,HON.,2024-08-16 00:00:00+00:00,-1,20025679
ACN,HON.,2024-08-16 00:00:00+00:00,-1,20025679
MSCI,HON.,2024-08-16 00:00:00+00:00,-1,20025679
WMT,HON.,2024-08-16 00:00:00+00:00,-1,20025679
GOOGL,HON.,2024-08-16 00:00:00+00:00,-1,20025679
CRM,HON.,2024-08-16 00:00:00+00:00,-1,20025679
GRMN,HON.,2024-08-16 00:00:00+00:00,-1,20025679
AON,HON.,2024-08-16 00:00:00+00:00,-1,20025679
COST,HON.,2024-08-16 00:00:00+00:00,-1,20025679
INTU,HON.,2024-08-16 00:00:00+00:00,-1,20025679
MSFT,HON.,2024-08-16 00:00:00+00:00,-1,20025679
EXPD,HON.,2024-08-16 00:00:00+00:00,-1,20025679
SYY,HON.,2024-08-16 00:00:00+00:00,-1,20025679
CNC,HON.,2024-08-16 00:00:00+00:00,-1,20025679
ABBV,HON.,2024-08-16 00:00:00+00:00,-1,20025679
LMT,HON.,2024-08-16 00:00:00+00:00,-1,20025679
AMGN,HON.,2024-08-16 00:00:00+00:00,-1,20025679
AAPL,HON.,2024-08-16 00:00:00+00:00,-1,20025679
QCOM,HON.,2024-08-16 00:00:00+00:00,-1,20025679
MA,HON.,2024-08-16 00:00:00+00:00,-1,20025679
MRK,HON.,2024-08-16 00:00:00+00:00,-1,20025679
PG,HON.,2024-08-16 00:00:00+00:00,-1,20025679
CB,HON.,2024-08-16 00:00:00+00:00,-1,20025679
MDT,HON.,2024-08-16 00:00:00+00:00,-1,20025679
GOOG,HON.,2024-08-16 00:00:00+00:00,-1,20025679
PFE,HON.,2024-09-04 00:00:00+00:00,0,20025770
SBUX,HON.,2024-09-04 00:00:00+00:00,0,20025770
AMZN,HON.,2024-03-26 00:00:00+00:00,0,20024743
SAFE,HON.,2024-06-04 00:00:00+00:00,0,20025152
DAL,HON.,2024-07-03 00:00:00+00:00,0,20025388
NVDA,HON.,2024-07-03 00:00:00+00:00,0,20025388
IBKR,HON.,2024-07-03 00:00:00+00:00,0,20025388
DAL,HON.,2024-09-03 00:00:00+00:00,0,20025765
AAPL,HON.,2024-09-25 00:00:00+00:00,0,20025892
TSLA,HON.,2024-11-13 00:00:00+00:00,0,20026207
SHEL,HON.,2024-12-10 00:00:00+00:00,1,20026360
AMZN,HON.,2024-12-10 00:00:00+00:00,1,20026360
NVDA,HON.,2024-12-10 00:00:00+00:00,1,20026360
SCHW,HON.,2024-12-10 00:00:00+00:00,1,20026360
MSFT,HON.,2024-12-10 00:00:00+00:00,1,20026360
IBKR,HON.,2024-12-10 00:00:00+00:00,1,20026360
TSLA,HON.,2024-12-10 00:00:00+00:00,1,20026360
DJT,HON.,2024-12-10 00:00:00+00:00,1,20026360
NVDA,HON.,2024-03-21 00:00:00+00:00,0,20024710
MCK,HON.,2024-06-05 00:00:00+00:00,0,20025203
CMCSA,HON.,2024-06-05 00:00:00+00:00,0,20025203
COKE,HON.,2024-06-05 00:00:00+00:00,0,20025203
YUM,HON.,2024-06-05 00:00:00+00:00,0,20025203
WBD,HON.,2024-09-13 00:00:00+00:00,0,20025855
GLAS,HON.,2024-09-10 00:00:00+00:00,0,20025831
GLAS,HON.,2024-12-05 00:00:00+00:00,0,20026340
META,HON.,2024-01-24 00:00:00+00:00,0,20024354
JNJ,HON.,2024-01-24 00:00:00+00:00,0,20024354
BM,HON.,2024-01-24 00:00:00+00:00,0,20024354
AMZN,HON.,2024-01-24 00:00:00+00:00,0,20024354
GOOG,HON.,2024-01-24 00:00:00+00:00,0,20024354
DIS,HON.,2024-01-24 00:00:00+00:00,0,20024354
RTX,HON.,2024-01-24 00:00:00+00:00,0,20024354
BABA,HON.,2024-01-24 00:00:00+00:00,0,20024354
AXP,HON.,2024-01-24 00:00:00+00:00,0,20024354
HQY,HON.,2024-01-24 00:00:00+00:00,0,20024354
BAC,HON.,2024-01-24 00:00:00+00:00,0,20024354
VUG,HON.,2024-01-24 00:00:00+00:00,0,20024354
BA,HON.,2024-01-24 00:00:00+00:00,0,20024354
MSFT,HON.,2024-01-24 00:00:00+00:00,0,20024354
JM,HON.,2024-01-24 00:00:00+00:00,0,20024354
SPY,HON.,2024-01-24 00:00:00+00:00,0,20024354
AAPL,HON.,2024-01-24 00:00:00+00:00,0,20024354
META,HON.,2024-01-22 00:00:00+00:00,0,20024286
TMUS,HON.,2024-01-22 00:00:00+00:00,0,20024286
ROP,HON.,2024-01-22 00:00:00+00:00,0,20024286
TSCO,HON.,2024-01-22 00:00:00+00:00,0,20024286
SBCF,HON.,2024-01-22 00:00:00+00:00,0,20024286
SHW,HON.,2024-01-22 00:00:00+00:00,0,20024286
SYY,HON.,2024-01-22 00:00:00+00:00,0,20024286
JKHY,HON.,2024-01-22 00:00:00+00:00,0,20024286
HRL,HON.,2024-01-22 00:00:00+00:00,0,20024286
ADI,HON.,2024-01-22 00:00:00+00:00,0,20024286
DIS,HON.,2024-01-22 00:00:00+00:00,0,20024286
WST,HON.,2024-01-22 00:00:00+00:00,0,20024286
DG,HON.,2024-01-22 00:00:00+00:00,0,20024286
LLY,HON.,2024-01-22 00:00:00+00:00,0,20024286
MRK,HON.,2024-01-22 00:00:00+00:00,0,20024286
PFE,HON.,2024-01-22 00:00:00+00:00,0,20024286
MDT,HON.,2024-01-22 00:00:00+00:00,0,20024286
BBY,HON.,2024-01-22 00:00:00+00:00,0,20024286
GOOG,HON.,2024-01-22 00:00:00+00:00,0,20024286
KMB,HON.,2024-08-06 00:00:00+00:00,0,20024672
LIN,HON.,2024-08-06 00:00:00+00:00,0,20024672
NKE,HON.,2024-08-06 00:00:00+00:00,0,20024672
ELV,HON.,2024-08-06 00:00:00+00:00,0,20024672
JNJ,HON.,2024-08-06 00:00:00+00:00,0,20024672
AMZN,HON.,2024-08-06 00:00:00+00:00,0,20024672
NVDA,HON.,2024-08-06 00:00:00+00:00,0,20024672
NEE,HON.,2024-08-06 00:00:00+00:00,0,20024672
ROP,HON.,2024-08-06 00:00:00+00:00,0,20024672
AVGO,HON.,2024-08-06 00:00:00+00:00,0,20024672
TSCO,HON.,2024-08-06 00:00:00+00:00,0,20024672
APD,HON.,2024-08-06 00:00:00+00:00,0,20024672
ORCL,HON.,2024-08-06 00:00:00+00:00,0,20024672
SNA,HON.,2024-08-06 00:00:00+00:00,0,20024672
ALL,HON.,2024-08-06 00:00:00+00:00,0,20024672
TD,HON.,2024-08-06 00:00:00+00:00,0,20024672
ZTS,HON.,2024-08-06 00:00:00+00:00,0,20024672
SHW,HON.,2024-08-06 00:00:00+00:00,0,20024672
JPM,HON.,2024-08-06 00:00:00+00:00,0,20024672
SO,HON.,2024-08-06 00:00:00+00:00,0,20024672
LMT,HON.,2024-08-06 00:00:00+00:00,0,20024672
PNC,HON.,2024-08-06 00:00:00+00:00,0,20024672
FDS,HON.,2024-08-06 00:00:00+00:00,0,20024672
NOC,HON.,2024-08-06 00:00:00+00:00,0,20024672
MDLZ,HON.,2024-08-06 00:00:00+00:00,0,20024672
CMCSA,HON.,2024-08-06 00:00:00+00:00,0,20024672
ATO,HON.,2024-08-06 00:00:00+00:00,0,20024672
GWW,HON.,2024-08-06 00:00:00+00:00,0,20024672
MA,HON.,2024-08-06 00:00:00+00:00,0,20024672
WEC,HON.,2024-08-06 00:00:00+00:00,0,20024672
WM,HON.,2024-08-06 00:00:00+00:00,0,20024672
BBY,HON.,2024-08-06 00:00:00+00:00,0,20024672
GOOG,HON.,2024-08-06 00:00:00+00:00,0,20024672
AMZN,HON.,2024-08-19 00:00:00+00:00,0,20025680
ABT,HON.,2024-08-19 00:00:00+00:00,0,20025680
AVGO,HON.,2024-08-19 00:00:00+00:00,0,20025680
ORCL,HON.,2024-08-19 00:00:00+00:00,0,20025680
SNA,HON.,2024-08-19 00:00:00+00:00,0,20025680
ALL,HON.,2024-08-19 00:00:00+00:00,0,20025680
ZTS,HON.,2024-08-19 00:00:00+00:00,0,20025680
TD,HON.,2024-08-19 00:00:00+00:00,0,20025680
SHW,HON.,2024-08-19 00:00:00+00:00,0,20025680
JPM,HON.,2024-08-19 00:00:00+00:00,0,20025680
SO,HON.,2024-08-19 00:00:00+00:00,0,20025680
LOW,HON.,2024-08-19 00:00:00+00:00,0,20025680
PNC,HON.,2024-08-19 00:00:00+00:00,0,20025680
FDS,HON.,2024-08-19 00:00:00+00:00,0,20025680
NOC,HON.,2024-08-19 00:00:00+00:00,0,20025680
MDLZ,HON.,2024-08-19 00:00:00+00:00,0,20025680
CMCSA,HON.,2024-08-19 00:00:00+00:00,0,20025680
MA,HON.,2024-08-19 00:00:00+00:00,0,20025680
WEC,HON.,2024-08-19 00:00:00+00:00,0,20025680
WM,HON.,2024-08-19 00:00:00+00:00,0,20025680
CB,HON.,2024-08-19 00:00:00+00:00,0,20025680
KMB,HON.,2024-08-21 00:00:00+00:00,-1,20025712
LIN,HON.,2024-08-21 00:00:00+00:00,-1,20025712
NKE,HON.,2024-08-21 00:00:00+00:00,-1,20025712
ADP,HON.,2024-08-21 00:00:00+00:00,-1,20025712
HD,HON.,2024-08-21 00:00:00+00:00,-1,20025712
ELV,HON.,2024-08-21 00:00:00+00:00,-1,20025712
JNJ,HON.,2024-08-21 00:00:00+00:00,-1,20025712
TMUS,HON.,2024-08-21 00:00:00+00:00,-1,20025712
CAT,HON.,2024-08-21 00:00:00+00:00,-1,20025712
NEE,HON.,2024-08-21 00:00:00+00:00,-1,20025712
ABT,HON.,2024-08-21 00:00:00+00:00,-1,20025712
PEP,HON.,2024-08-21 00:00:00+00:00,-1,20025712
ROP,HON.,2024-08-21 00:00:00+00:00,-1,20025712
BRO,HON.,2024-08-21 00:00:00+00:00,-1,20025712
MCD,HON.,2024-08-21 00:00:00+00:00,-1,20025712
TGT,HON.,2024-08-21 00:00:00+00:00,-1,20025712
TSCO,HON.,2024-08-21 00:00:00+00:00,-1,20025712
AOS,HON.,2024-08-21 00:00:00+00:00,-1,20025712
APD,HON.,2024-08-21 00:00:00+00:00,-1,20025712
CMI,HON.,2024-08-21 00:00:00+00:00,-1,20025712
ACN,HON.,2024-08-21 00:00:00+00:00,-1,20025712
SNA,HON.,2024-08-21 00:00:00+00:00,-1,20025712
INTC,HON.,2024-08-21 00:00:00+00:00,-1,20025712
RPM,HON.,2024-08-21 00:00:00+00:00,-1,20025712
COST,HON.,2024-08-21 00:00:00+00:00,-1,20025712
MSFT,HON.,2024-08-21 00:00:00+00:00,-1,20025712
ZTS,HON.,2024-08-21 00:00:00+00:00,-1,20025712
SPGI,HON.,2024-08-21 00:00:00+00:00,-1,20025712
SYY,HON.,2024-08-21 00:00:00+00:00,-1,20025712
JKHY,HON.,2024-08-21 00:00:00+00:00,-1,20025712
HRL,HON.,2024-08-21 00:00:00+00:00,-1,20025712
RJF,HON.,2024-08-21 00:00:00+00:00,-1,20025712
SO,HON.,2024-08-21 00:00:00+00:00,-1,20025712
ADI,HON.,2024-08-21 00:00:00+00:00,-1,20025712
LOW,HON.,2024-08-21 00:00:00+00:00,-1,20025712
LMT,HON.,2024-08-21 00:00:00+00:00,-1,20025712
DIS,HON.,2024-08-21 00:00:00+00:00,-1,20025712
SBUX,HON.,2024-08-21 00:00:00+00:00,-1,20025712
WST,HON.,2024-08-21 00:00:00+00:00,-1,20025712
FDS,HON.,2024-08-21 00:00:00+00:00,-1,20025712
AMGN,HON.,2024-08-21 00:00:00+00:00,-1,20025712
CVX,HON.,2024-08-21 00:00:00+00:00,-1,20025712
MDLZ,HON.,2024-08-21 00:00:00+00:00,-1,20025712
XOM,HON.,2024-08-21 00:00:00+00:00,-1,20025712
AAPL,HON.,2024-08-21 00:00:00+00:00,-1,20025712
PEG,HON.,2024-08-21 00:00:00+00:00,-1,20025712
STE,HON.,2024-08-21 00:00:00+00:00,-1,20025712
TXN,HON.,2024-08-21 00:00:00+00:00,-1,20025712
ATO,HON.,2024-08-21 00:00:00+00:00,-1,20025712
DG,HON.,2024-08-21 00:00:00+00:00,-1,20025712
LLY,HON.,2024-08-21 00:00:00+00:00,-1,20025712
GWW,HON.,2024-08-21 00:00:00+00:00,-1,20025712
UNH,HON.,2024-08-21 00:00:00+00:00,-1,20025712
MA,HON.,2024-08-21 00:00:00+00:00,-1,20025712
MRK,HON.,2024-08-21 00:00:00+00:00,-1,20025712
PG,HON.,2024-08-21 00:00:00+00:00,-1,20025712
RTX,HON.,2024-08-21 00:00:00+00:00,-1,20025712
WEC,HON.,2024-08-21 00:00:00+00:00,-1,20025712
PFE,HON.,2024-08-21 00:00:00+00:00,-1,20025712
MDT,HON.,2024-08-21 00:00:00+00:00,-1,20025712
GOOG,HON.,2024-08-21 00:00:00+00:00,-1,20025712
META,HON.,2024-12-09 00:00:00+00:00,0,20026346
LIN,HON.,2024-12-09 00:00:00+00:00,0,20026346
HD,HON.,2024-12-09 00:00:00+00:00,0,20026346
JNJ,HON.,2024-12-09 00:00:00+00:00,0,20026346
ELV,HON.,2024-12-09 00:00:00+00:00,0,20026346
TMUS,HON.,2024-12-09 00:00:00+00:00,0,20026346
AMZN,HON.,2024-12-09 00:00:00+00:00,0,20026346
NVDA,HON.,2024-12-09 00:00:00+00:00,0,20026346
PEP,HON.,2024-12-09 00:00:00+00:00,0,20026346
AVGO,HON.,2024-12-09 00:00:00+00:00,0,20026346
XLE,HON.,2024-12-09 00:00:00+00:00,0,20026346
MCD,HON.,2024-12-09 00:00:00+00:00,0,20026346
TSCO,HON.,2024-12-09 00:00:00+00:00,0,20026346
AOS,HON.,2024-12-09 00:00:00+00:00,0,20026346
ORCL,HON.,2024-12-09 00:00:00+00:00,0,20026346
CMI,HON.,2024-12-09 00:00:00+00:00,0,20026346
ACN,HON.,2024-12-09 00:00:00+00:00,0,20026346
SBCF,HON.,2024-12-09 00:00:00+00:00,0,20026346
SHW,HON.,2024-12-09 00:00:00+00:00,0,20026346
JPM,HON.,2024-12-09 00:00:00+00:00,0,20026346
ADI,HON.,2024-12-09 00:00:00+00:00,0,20026346
LMT,HON.,2024-12-09 00:00:00+00:00,0,20026346
WST,HON.,2024-12-09 00:00:00+00:00,0,20026346
CVX,HON.,2024-12-09 00:00:00+00:00,0,20026346
XOM,HON.,2024-12-09 00:00:00+00:00,0,20026346
QCOM,HON.,2024-12-09 00:00:00+00:00,0,20026346
TXN,HON.,2024-12-09 00:00:00+00:00,0,20026346
ATO,HON.,2024-12-09 00:00:00+00:00,0,20026346
MRK,HON.,2024-12-09 00:00:00+00:00,0,20026346
GOOG,HON.,2024-12-09 00:00:00+00:00,0,20026346
BKNG,HON.,2024-04-25 00:00:00+00:00,-1,20024917
NKE,HON.,2024-04-25 00:00:00+00:00,-1,20024917
ELV,HON.,2024-04-25 00:00:00+00:00,-1,20024917
NVDA,HON.,2024-04-25 00:00:00+00:00,-1,20024917
PEP,HON.,2024-04-25 00:00:00+00:00,-1,20024917
CSX,HON.,2024-04-25 00:00:00+00:00,-1,20024917
AVGO,HON.,2024-04-25 00:00:00+00:00,-1,20024917
VFC,HON.,2024-04-25 00:00:00+00:00,-1,20024917
ACN,HON.,2024-04-25 00:00:00+00:00,-1,20024917
NFLX,HON.,2024-04-25 00:00:00+00:00,-1,20024917
DE,HON.,2024-04-25 00:00:00+00:00,-1,20024917
MPC,HON.,2024-04-25 00:00:00+00:00,-1,20024917
CRM,HON.,2024-04-25 00:00:00+00:00,-1,20024917
INTU,HON.,2024-04-25 00:00:00+00:00,-1,20024917
MSFT,HON.,2024-04-25 00:00:00+00:00,-1,20024917
FMC,HON.,2024-04-25 00:00:00+00:00,-1,20024917
HON,HON.,2024-04-25 00:00:00+00:00,-1,20024917
ADI,HON.,2024-04-25 00:00:00+00:00,-1,20024917
NOW,HON.,2024-04-25 00:00:00+00:00,-1,20024917
EL,HON.,2024-04-25 00:00:00+00:00,-1,20024917
FTNT,HON.,2024-04-25 00:00:00+00:00,-1,20024917
HSY,HON.,2024-04-25 00:00:00+00:00,-1,20024917
DG,HON.,2024-04-25 00:00:00+00:00,-1,20024917
LLY,HON.,2024-04-25 00:00:00+00:00,-1,20024917
NI,HON.,2024-04-25 00:00:00+00:00,-1,20024917
DHR,HON.,2024-04-25 00:00:00+00:00,-1,20024917
RTX,HON.,2024-04-25 00:00:00+00:00,-1,20024917
PG,HON.,2024-04-25 00:00:00+00:00,-1,20024917
PANW,HON.,2024-02-23 00:00:00+00:00,1,20024542
TSLA,HON.,2024-07-02 00:00:00+00:00,1,20025368
AVGO,HON.,2024-07-02 00:00:00+00:00,1,20025368
NVDA,HON.,2024-07-02 00:00:00+00:00,1,20025368
NVDA,HON.,2024-07-30 00:00:00+00:00,1,20025535
MSFT,HON.,2024-07-30 00:00:00+00:00,1,20025535
IXNZF,HON.,2024-07-12 00:00:00+00:00,0,20025439
MSFT,HON.,2024-05-05 00:00:00+00:00,0,20024986
ET,HON.,2024-04-11 00:00:00+00:00,0,20024848
KMI,HON.,2024-04-11 00:00:00+00:00,0,20024848
NS,HON.,2024-04-11 00:00:00+00:00,0,20024848
XOM,HON.,2024-04-11 00:00:00+00:00,0,20024848
AESI,HON.,2024-04-11 00:00:00+00:00,0,20024848
CVX,HON.,2024-04-11 00:00:00+00:00,0,20024848
AESI,HON.,2024-06-10 00:00:00+00:00,0,20025201
CWEN,HON.,2024-05-08 00:00:00+00:00,0,20025014
CIVI,HON.,2024-05-08 00:00:00+00:00,0,20025014
NFE,HON.,2024-06-10 00:00:00+00:00,0,20025236
DTM,HON.,2024-06-10 00:00:00+00:00,0,20025236
AR,HON.,2024-09-11 00:00:00+00:00,0,20025813
CWEN,HON.,2024-11-11 00:00:00+00:00,0,20026184
AR,HON.,2024-11-11 00:00:00+00:00,0,20026184
OXY,HON.,2024-11-11 00:00:00+00:00,0,20026184
CCI,HON.,2024-01-24 00:00:00+00:00,-1,20024212
BABA,HON.,2024-01-24 00:00:00+00:00,-1,20024212
AMT,HON.,2024-01-24 00:00:00+00:00,-1,20024212
COST,HON.,2024-02-29 00:00:00+00:00,-1,20024375
MSFT,HON.,2024-02-29 00:00:00+00:00,-1,20024375
AAPL,HON.,2024-02-29 00:00:00+00:00,-1,20024375
GIS,HON.,2024-03-07 00:00:00+00:00,0,20024632
NVDA,HON.,2024-05-22 00:00:00+00:00,0,20025115
NVST,HON.,2024-06-06 00:00:00+00:00,0,20025214
NVDA,HON.,2024-09-12 00:00:00+00:00,0,20025848
MSFT,HON.,2024-09-12 00:00:00+00:00,0,20025848
MO,HON.,2024-09-12 00:00:00+00:00,0,20025848
NVDA,HON.,2024-09-16 00:00:00+00:00,0,20025867
NVDA,HON.,2024-11-01 00:00:00+00:00,0,20026126
MSFT,HON.,2024-12-19 00:00:00+00:00,0,20026446
UBS,HON.,2024-05-13 00:00:00+00:00,0,20025065
UBS,HON.,2024-05-15 00:00:00+00:00,0,20025087
LHX,HON.,2024-06-05 00:00:00+00:00,0,20025205
LHX,HON.,2024-06-06 00:00:00+00:00,0,20025224
SPG,HON.,2024-02-15 00:00:00+00:00,0,20024515
SPG,HON.,2024-07-25 00:00:00+00:00,0,20025519
SPG,HON.,2024-11-04 00:00:00+00:00,0,20026136
SNV,HON.,2024-03-15 00:00:00+00:00,0,20024660
SNV,HON.,2024-04-06 00:00:00+00:00,0,20024787
NVDA,HON.,2024-04-02 00:00:00+00:00,0,20024271
AAPL,HON.,2024-10-24 00:00:00+00:00,0,20026077
NVDA,HON.,2024-11-07 00:00:00+00:00,0,20026168
BA,HON.,2024-11-12 00:00:00+00:00,0,20026202
GLW,HON.,2024-11-12 00:00:00+00:00,0,20026202
NVDA,HON.,2024-11-12 00:00:00+00:00,0,20026202
CVS,HON.,2024-11-12 00:00:00+00:00,0,20026202
NVDA,HON.,2024-11-12 00:00:00+00:00,0,20026203
AMZN,HON.,2024-02-23 00:00:00+00:00,0,20024468
GOOGL,HON.,2024-02-23 00:00:00+00:00,0,20024468
MSFT,HON.,2024-02-23 00:00:00+00:00,0,20024468
GOOG,HON.,2024-02-23 00:00:00+00:00,0,20024468
AAPL,HON.,2024-02-23 00:00:00+00:00,0,20024468
AMZN,HON.,2024-05-15 00:00:00+00:00,0,20024862
GOOGL,HON.,2024-05-15 00:00:00+00:00,0,20024862
MSFT,HON.,2024-05-15 00:00:00+00:00,0,20024862
GOOG,HON.,2024-05-15 00:00:00+00:00,0,20024862
AAPL,HON.,2024-05-15 00:00:00+00:00,0,20024862
PEP,HON.,2024-05-15 00:00:00+00:00,0,20024730
MAG,HON.,2024-01-31 00:00:00+00:00,0,20024403
PERI,HON.,2024-06-10 00:00:00+00:00,0,20025179
FEI,HON.,2024-07-01 00:00:00+00:00,0,20025360
HL,HON.,2024-09-05 00:00:00+00:00,0,20025793
NGD,HON.,2024-11-20 00:00:00+00:00,0,20026247
BAX,HON.,2024-11-20 00:00:00+00:00,0,20026247
VSAT,HON.,2024-11-20 00:00:00+00:00,0,20026247
PTEN,HON.,2024-11-20 00:00:00+00:00,0,20026247
META,HON.,2024-06-12 00:00:00+00:00,1,20025151
DVN,HON.,2024-06-12 00:00:00+00:00,1,20025151
LLY,HON.,2024-06-12 00:00:00+00:00,1,20025151
STLA,HON.,2024-06-12 00:00:00+00:00,1,20025151
NVDA,HON.,2024-06-12 00:00:00+00:00,1,20025151
TFC,HON.,2024-06-12 00:00:00+00:00,1,20025151
DIS,HON.,2024-06-12 00:00:00+00:00,1,20025151
PFE,HON.,2024-06-12 00:00:00+00:00,1,20025151
GE,HON.,2024-06-12 00:00:00+00:00,1,20025151
GOOG,HON.,2024-06-12 00:00:00+00:00,1,20025151
SBFM,HON.,2024-06-12 00:00:00+00:00,1,20025151
